PORADI;ID_NALEZ;DRUH;CESKE_JMENO;KAT_TAX;AUTOR;DATUM_OD;DATUM_DO;CAS;ID_LOKAL;NAZ_LOKAL;SITMAP;KATASTR;X;Y;ZDROJ;NEGATIV;POCET;ODHAD;POCITANO;REL_POC;POKRYVN;PATROVITOST;FENOFAZE;KODHN;ETOLOGIE;KOMPLETNI_SEZNAM;POZNAMKA;UMIST_NAL;POP_BIOT;TAX_POZN;PROJEKT;DAT_SADA;ZAPSAL;VEROH;VALIDACE;VAL_POZN;GARANCE;GAR_POZN;VYHLASKA;EVD;REDLIST;STRUKT_POZN;CXLOKAL_POZN;CXLOKAL_Z;CXPRESNOST;DATI_INSERT;DATI_UPDATE;UPDATOR
1;12137036;Euoniticellus fulvus;;Brouci;Konvièka Ondøej;20100627;20100627;;1296571;20100628_095038;7170;Hrubá Vrbka;-538107;-1203275;KONVIÈKA O. (2010) Terénní záznamy 2010.;0;;0;;ojedinìle;;;;;;0;;;;;Sledování stavu druhù - projekty mapování;Nálezová data ochrany pøírody;Konvièka Ondøej;1;;;Garantováno;;;;VU;;;257;244;20100628
2;12138915;Euoniticellus fulvus;;Brouci;Konvièka Ondøej;20100629;20100629;;1297147;20100630_074240;7071;Horní Nìmèí;-526352;-1197815;KONVIÈKA O. (2010) Terénní záznamy 2010.;0;;0;;vzácnì;;;;;;0;;;;;Sbìr floristickıch a faunistickıch nálezù;Nálezová data ochrany pøírody;Konvièka Ondøej;1;;;Garantováno;;;;VU;;;377;330;20100630
3;64492807;Euoniticellus fulvus;;Brouci;Køivan Václav;20250711;20250711;;12193426;Biskoupky;6963;Biskoupky na Moravì;-622537.04;-1169320.92;KØIVAN V. (2025) Terénní zápisky - náhodná pozorování.;0;;0;;;;;;;;0;;;;;Mobilní sbìr dat;ND - Databáze BioLog;Køivan Václav;0;vìrohodnı záznam;;Návrh validace;;;;VU;;;;16;20250714
4;47755002;Euoniticellus fulvus;;Brouci;Kavka M.;20190721;20190721;;7081847;Brambory;6058;Brambory;-670147.6;-1064446.47;POKORNİ J. (2019) Terenní pozorování.;0;2;0;jedinci;;;;;;;0;;;;;Sbìr floristickıch a faunistickıch nálezù;Nálezová data ochrany pøírody;Bárdyová Mária;0;;;;;;;VU;;;;1;20191113
5;65351042;Euoniticellus fulvus;;Brouci;Neznámı nálezce;19060715;19060715;;5757357;Broumy;6049;Broumy;-786508;-1053335;Václav Tır (2021) Soupis nálezù vrubounovitıch broukù (Coleoptera: Scarabaeoidea) ze západních Èech. Západoèeské entomologické listy (2021), Supplementum 2. 1-85.;0;;0;jedinci;;;;;;;0;;;;;Sbìr floristickıch a faunistickıch nálezù;Nálezová data ochrany pøírody;Gaigr Jonáš;0;;;;;;;VU;;;;6108;20251023
6;33678157;Euoniticellus fulvus;;Brouci;Schles Radovan;20020710;20020710;;5400929;Bulhary - obora;7166;Mikulov na Moravì;-595448;-1202885;JUØENA D., TİR V., BEZDÌK A. (2008) Pøíspìvek k faunistickému vızkumu listorohıch broukù (Coleoptera: Scarabaeoidea) na území Èeské republiky a Slovenska. Klapalekiana. 44, Supplementum. 17-176.;0;2;0;jedinci;;;;;;;0;;Dama;;;Sbìr floristickıch a faunistickıch nálezù;Nálezová data ochrany pøírody;Škapec Ludvík;1;;;Garantováno;;;;VU;;hodnoty pole NAZEV + obora;0;2659;20140916
7;33678160;Euoniticellus fulvus;;Brouci;Brabec Milan;20060817;20060817;;5400929;Bulhary - obora;7166;Mikulov na Moravì;-595448;-1202885;JUØENA D., TİR V., BEZDÌK A. (2008) Pøíspìvek k faunistickému vızkumu listorohıch broukù (Coleoptera: Scarabaeoidea) na území Èeské republiky a Slovenska. Klapalekiana. 44, Supplementum. 17-176.;0;4;0;jedinci;;;;;;;0;;;;;Sbìr floristickıch a faunistickıch nálezù;Nálezová data ochrany pøírody;Škapec Ludvík;1;;;Garantováno;;;;VU;;hodnoty pole NAZEV + obora;0;2659;20140916
8;33678161;Euoniticellus fulvus;;Brouci;Schles Radovan;20080801;20080801;;5400929;Bulhary - obora;7166;Mikulov na Moravì;-595448;-1202885;JUØENA D., TİR V., BEZDÌK A. (2008) Pøíspìvek k faunistickému vızkumu listorohıch broukù (Coleoptera: Scarabaeoidea) na území Èeské republiky a Slovenska. Klapalekiana. 44, Supplementum. 17-176.;0;1;0;jedinci;;;;;;;0;;;;;Sbìr floristickıch a faunistickıch nálezù;Nálezová data ochrany pøírody;Škapec Ludvík;1;;;Garantováno;;;;VU;;hodnoty pole NAZEV + obora;0;2659;20140916
9;33678158;Euoniticellus fulvus;;Brouci;Juøena Daniel, Vyhnálek Vladimír;20020721;20020721;;5400929;Bulhary - obora;7166;Mikulov na Moravì;-595448;-1202885;JUØENA D., TİR V., BEZDÌK A. (2008) Pøíspìvek k faunistickému vızkumu listorohıch broukù (Coleoptera: Scarabaeoidea) na území Èeské republiky a Slovenska. Klapalekiana. 44, Supplementum. 17-176.;0;2;0;jedinci;;;;;;;0;;;;;Sbìr floristickıch a faunistickıch nálezù;Nálezová data ochrany pøírody;Škapec Ludvík;1;;;Garantováno;;;;VU;;hodnoty pole NAZEV + obora;0;2659;20140916
10;33678159;Euoniticellus fulvus;;Brouci;Kuèka Miroslav;20030607;20030607;;5400929;Bulhary - obora;7166;Mikulov na Moravì;-595448;-1202885;JUØENA D., TİR V., BEZDÌK A. (2008) Pøíspìvek k faunistickému vızkumu listorohıch broukù (Coleoptera: Scarabaeoidea) na území Èeské republiky a Slovenska. Klapalekiana. 44, Supplementum. 17-176.;0;2;0;jedinci;;;;;;;0;;;;;Sbìr floristickıch a faunistickıch nálezù;Nálezová data ochrany pøírody;Škapec Ludvík;1;;;Garantováno;;;;VU;;hodnoty pole NAZEV + obora;0;2659;20140916
11;13731206;Euoniticellus fulvus;;Brouci;Konvièka Ondøej;20110507;20110507;;1753052;Bzenec;7069;Bzenec;-551771;-1191134;KONVIÈKA O. (2011) Terénní záznamy.;0;;0;;vzácnì;;;;;;0;;;;;Sbìr floristickıch a faunistickıch nálezù;Nálezová data ochrany pøírody;Konvièka Ondøej;1;;;Garantováno;;;;VU;;;181;130;20110509
12;33678384;Euoniticellus fulvus;;Brouci;Lošák Miloš;20040806;20040806;;4991920;Bzenec - Pøívoz;7069;Bzenec;-551571;-1194452;JUØENA D., TİR V., BEZDÌK A. (2008) Pøíspìvek k faunistickému vızkumu listorohıch broukù (Coleoptera: Scarabaeoidea) na území Èeské republiky a Slovenska. Klapalekiana. 44, Supplementum. 17-176.;0;1;0;jedinci;;;;;;;0;;;;;Sbìr floristickıch a faunistickıch nálezù;Nálezová data ochrany pøírody;Škapec Ludvík;1;;;Garantováno;;;;VU;;railway station;193;30;20140917
13;33656150;Euoniticellus fulvus;;Brouci;Stejskal R.;20090712;20090712;;5473907;Bítovánky;6860;Bítovánky;-665041.62;-1157447.56;PEØINKOVÁ P., FISCHER O. A. (2010) Euoniticellus fulvus (Goeze, 1777) (Coleoptera: Scarabaeidae) in south-western Moravia (Czech Republic). Acta Musei Moraviae, Scientiae biologicae (Brno) 95(2). s. 25-28.;0;;0;;;;;;;;0;1 samec;koòskı trus;;;Sbìr floristickıch a faunistickıch nálezù;Nálezová data ochrany pøírody;ISOP Admin;1;;;Garantováno;;;;VU;;;;1455;20140826
14;33656151;Euoniticellus fulvus;;Brouci;Køivan Václav;20090719;20090719;;5473907;Bítovánky;6860;Bítovánky;-665041.62;-1157447.56;PEØINKOVÁ P., FISCHER O. A. (2010) Euoniticellus fulvus (Goeze, 1777) (Coleoptera: Scarabaeidae) in south-western Moravia (Czech Republic). Acta Musei Moraviae, Scientiae biologicae (Brno) 95(2). s. 25-28.;0;;0;;;;;;;;0;1 samec;koòskı trus;;;Sbìr floristickıch a faunistickıch nálezù;Nálezová data ochrany pøírody;ISOP Admin;1;;;Garantováno;;;;VU;;;;1455;20140826
15;33678382;Euoniticellus fulvus;;Brouci;Brabec Milan;20040504;20040504;;5392768;Bøeclav;7267;Bøeclav;-581738;-1212112;JUØENA D., TİR V., BEZDÌK A. (2008) Pøíspìvek k faunistickému vızkumu listorohıch broukù (Coleoptera: Scarabaeoidea) na území Èeské republiky a Slovenska. Klapalekiana. 44, Supplementum. 17-176.;0;1;0;jedinci;;;;;;;0;;;;;Sbìr floristickıch a faunistickıch nálezù;Nálezová data ochrany pøírody;Škapec Ludvík;1;;;Garantováno;;;;VU;;;;3000;20140917;20140917;90
16;33678383;Euoniticellus fulvus;;Brouci;Prùša Milan;20040502;20040502;;5372392;Bøeclav env., Pohansko;7267;Bøeclav;-582498;-1215131;JUØENA D., TİR V., BEZDÌK A. (2008) Pøíspìvek k faunistickému vızkumu listorohıch broukù (Coleoptera: Scarabaeoidea) na území Èeské republiky a Slovenska. Klapalekiana. 44, Supplementum. 17-176.;0;3;0;jedinci;;;;;;;0;;;;;Sbìr floristickıch a faunistickıch nálezù;Nálezová data ochrany pøírody;Škapec Ludvík;1;;;Garantováno;;;;VU;;nadm. v. cca 155 m;155;250;20140917
17;39187346;Euoniticellus fulvus;;Brouci;Konvièka Ondøej;20160315;20161115;;6050894;Charvátská Nová Ves;7266;Charvátská Nová Ves;-588742.62;-1208607.35;KONVIÈKA O. (2016) Hledání nezvìstnıch druhù broukù.;0;;0;jedinci;roztroušenì;;;;;;0;;;;;Sbìr floristickıch a faunistickıch nálezù;Nálezová data ochrany pøírody;Konvièka Ondøej;1;;;Garantováno;;;;VU;;;;0;20161119
18;33658004;Euoniticellus fulvus;;Brouci;Peøinková Pavlína;20091022;20091022;;5473980;Dešná-Plaèkovice2;7059;Plaèovice;-678299.99;-1177414;PEØINKOVÁ P., FISCHER O. A. (2010) Euoniticellus fulvus (Goeze, 1777) (Coleoptera: Scarabaeidae) in south-western Moravia (Czech Republic). Acta Musei Moraviae, Scientiae biologicae (Brno) 95(2). s. 25-28.;0;;0;;;;;;;;0;1 samice;koòskı trus;;;Sbìr floristickıch a faunistickıch nálezù;Nálezová data ochrany pøírody;ISOP Admin;1;;;Garantováno;;;;VU;;;;1;20140826
19;44356330;Euoniticellus fulvus;;Brouci;Dedek Pavel;20180503;20180503;;6522238;Dolní mušlovskı rybník;7266;Mikulov na Moravì;-597529.23;-1205583.76;DEDEK P. (2018) Terénní zápisky - náhodná pozorování.;0;;0;;;;;;;;0;v koòském trusu;;;;Mobilní sbìr dat;ND - Databáze BioLog;Dedek Pavel;1;;;Garantováno;;;;VU;;;;10;20180504;20180503;1671
20;11469836;Euoniticellus fulvus;;Brouci;Køivan Václav;20080101;20081231;;1218421;EVL Jeèmeništì;7262;Jeèmeništì;-637914;-1205801;KØIVAN V. (2008) Závìreèná zpráva k provedenému entomologickému prùzkumu na EVL CZ0620162 - Jeèmeništì. NATURA 2000 Implementace v Jihomoravském kraji 1.etapa REALIZACE PRÙZKUMÙ A INVETARIZACÍ.;0;;0;;ojedinìle;;;;;;0;;;;;Sbìr floristickıch a faunistickıch nálezù;Nálezová data ochrany pøírody;Husták Josef;1;;;Garantováno;;;;VU;;_;231;1525;20090813
21;33677583;Euoniticellus fulvus;;Brouci;Pokornı -;19670501;19670531;;5384460;Františkovy Láznì;5840;Františkovy Láznì;-888086;-1017375;JUØENA D., TİR V., BEZDÌK A. (2008) Pøíspìvek k faunistickému vızkumu listorohıch broukù (Coleoptera: Scarabaeoidea) na území Èeské republiky a Slovenska. Klapalekiana. 44, Supplementum. 17-176.;0;3;0;jedinci;;;;;;;0;;;;;Sbìr floristickıch a faunistickıch nálezù;Nálezová data ochrany pøírody;Škapec Ludvík;1;;;Garantováno;;;;VU;;;;1961;20140915;20140915;90
22;61677941;Euoniticellus fulvus;;Brouci;Èíek Oldøich;20190621;20190621;;10780041;Havranické vøesovištì;7161;Havraníky;-647714.38;-1198558.06;Beleco (2022) Military LIFE for Nature – Zlepšení podmínek pro evropsky vıznamné druhy a typy pøírodních stanoviš v opuštìnıch vojenskıch prostorech (LIFE15 NAT/CZ/001028).;0;;0;;;;;;;;0;;;;;Sbìr floristickıch a faunistickıch nálezù;Data z projektu: LIFE15 NAT/CZ/001028;Marhoul Pavel;0;;;;;;;VU;;;;1;20250212
23;55952041;Euoniticellus fulvus;;Brouci;Trnka Filip;20220620;20220620;;9236057;Havranické vøesovištì;7161;Havraníky;-647136.24;-1197773.55;TRNKA F. (2022) Entomologickı prùzkum broukù (Coleoptera) vybranıch lokalit NP Podyjí.;0;1;0;jedinci;;;;;;;0;ruèní sbìr;;;;Sbìr floristickıch a faunistickıch nálezù;Importy nálezù broukù;Raèanskı Zdenìk;0;;;;;;;VU;;;;1;20230503
24;55952072;Euoniticellus fulvus;;Brouci;Trnka Filip;20220919;20220919;;9236058;Havranické vøesovištì;7162;Havraníky;-646627.47;-1197717.77;TRNKA F. (2022) Entomologickı prùzkum broukù (Coleoptera) vybranıch lokalit NP Podyjí.;0;1;0;jedinci;;;;;;;0;ruèní sbìr koòskı trus;;;;Sbìr floristickıch a faunistickıch nálezù;Importy nálezù broukù;Raèanskı Zdenìk;0;;;;;;;VU;;;;1;20230503
25;63141074;Euoniticellus fulvus;;Brouci;Kraus Zdenìk;20230924;20230924;;11100631;Havraníky;7161;Havraníky;-647312.7;-1198028.83;Kraus Z. (2024) Zjištìní druhové diverzity s primárním zamìøením na ekologicky vıznamnou skupinu saproxylickıch broukù (Coleoptera) v NP Podyjí.;0;1;0;jedinci;;;;;;;0;;;;;Sbìr floristickıch a faunistickıch nálezù;Monitoring a mapování vybranıch druhù;Jeøábková Lenka;1;;;Garantováno;;;;VU;;;;1;20250327
26;49959791;Euoniticellus fulvus;;Brouci;Vávra Jiøí;20180703;20180703;;7606187;Havraníky;7161;Havraníky;-647160.16;-1198158.02;VÁVRA J. (2019) Zpráva z vızkumu broukù (Coleoptera) v NP Podyjí za rok 2019.;0;2;0;jedinci;;;;;;;0;;;;;Sbìr floristickıch a faunistickıch nálezù;Data z mapování NP Podyjí;Maèát Zdenìk;0;;;;;;;VU;;;;1;20201016
27;33678147;Euoniticellus fulvus;;Brouci;Škorpík Martin;20070618;20070618;;5392795;Havraníky;7162;Havraníky;-646412;-1198278;JUØENA D., TİR V., BEZDÌK A. (2008) Pøíspìvek k faunistickému vızkumu listorohıch broukù (Coleoptera: Scarabaeoidea) na území Èeské republiky a Slovenska. Klapalekiana. 44, Supplementum. 17-176.;0;2;0;jedinci;;;;;;;0;;;;;Sbìr floristickıch a faunistickıch nálezù;Nálezová data ochrany pøírody;Škapec Ludvík;1;;;Garantováno;;;;VU;;;;3000;20140916
28;33678148;Euoniticellus fulvus;;Brouci;Škorpík Martin;20070813;20070813;;5392795;Havraníky;7162;Havraníky;-646412;-1198278;JUØENA D., TİR V., BEZDÌK A. (2008) Pøíspìvek k faunistickému vızkumu listorohıch broukù (Coleoptera: Scarabaeoidea) na území Èeské republiky a Slovenska. Klapalekiana. 44, Supplementum. 17-176.;0;1;0;jedinci;;;;;;;0;;;;;Sbìr floristickıch a faunistickıch nálezù;Nálezová data ochrany pøírody;Škapec Ludvík;1;;;Garantováno;;;;VU;;;;3000;20140916
29;59544011;Euoniticellus fulvus;;Brouci;Chybík Josef, Tomèík Jiøí, Bezdìk Aleš, Bezdìk Jan, Hrùzová Lucie, Kubáò Vítìzslav, Martinyová Adriana, Ryšánek Jaroslav, Sehnal Richard, Souèek Martin, Sıkora Karel, Škorpík Martin;20240720;20240720;;10111824;Havraníky - Havranické vøesovištì;7161;Havraníky;-647416.09;-1198322.43;Sekce pro vızkum vrubounovitıch broukù, Èeská spoleènost entomologická (2024) Vısledky vıjezdního zasedání Sekce.;0;;0;jedinci;;;;;;;0;Josef Chybík lgt.;;;;Sbìr floristickıch a faunistickıch nálezù;Nálezová data ochrany pøírody;Hrùzová Lucie;0;vìrohodnı záznam;;Návrh validace;;;;VU;;;;521;20240809
30;65344179;Euoniticellus fulvus;;Brouci;Havlíèek J.;19030608;19030608;;1027413;Hluboká nad Vltavou;6952;Hluboká nad Vltavou;-757022;-1154822;KLETEÈKA, Z., KØIVAN, V. (1999) Vıskyt Caccobius schreberi a Euoniticellus fulvus (Coleoptera, Scarabaeidae, Coprinae) v jiních Èechách. Sborník Jihoèeského muzea v Èeskıch Budìjovicích Pøírodní vìdy. 39. 95.;0;2;0;jedinci;;;;;;;0;bez data;;;;Sbìr floristickıch a faunistickıch nálezù;Nálezová data ochrany pøírody;Gaigr Jonáš;0;;;;;;;VU;;;441;5354;20251020
31;65344180;Euoniticellus fulvus;;Brouci;Havlíèek J.;19010617;19010617;;1027413;Hluboká nad Vltavou;6952;Hluboká nad Vltavou;-757022;-1154822;KLETEÈKA, Z., KØIVAN, V. (1999) Vıskyt Caccobius schreberi a Euoniticellus fulvus (Coleoptera, Scarabaeidae, Coprinae) v jiních Èechách. Sborník Jihoèeského muzea v Èeskıch Budìjovicích Pøírodní vìdy. 39. 95.;0;1;0;jedinci;;;;;;;0;bez data;;;;Sbìr floristickıch a faunistickıch nálezù;Nálezová data ochrany pøírody;Gaigr Jonáš;0;;;;;;;VU;;;441;5354;20251020
32;33656169;Euoniticellus fulvus;;Brouci;Fischer O.A.;20090822;20090822;;5473923;Horní Louèky;6664;Horní Louèky;-615735.9;-1138910.54;PEØINKOVÁ P., FISCHER O. A. (2010) Euoniticellus fulvus (Goeze, 1777) (Coleoptera: Scarabaeidae) in south-western Moravia (Czech Republic). Acta Musei Moraviae, Scientiae biologicae (Brno) 95(2). s. 25-28.;0;;0;;;;;;;;0;1 samec;kravskı trus;;;Sbìr floristickıch a faunistickıch nálezù;Nálezová data ochrany pøírody;ISOP Admin;1;;;Garantováno;;;;VU;;;;1443;20140826
33;59502907;Euoniticellus fulvus;;Brouci;Peøinková Pavlína;20190808;20190808;;10093615;Horní Vilémovice;6761;Horní Vilémovice;-648792.16;-1143785.1;Peøinková Pavlína (2019) vlastní pozorování.;0;6;0;jedinci;ojedinìle;;;;;ír;0;pastvina skotu vedle rybníka;;;;Sbìr floristickıch a faunistickıch nálezù;Nálezová data ochrany pøírody;Peøinková Pavlína;0;vìrohodnı záznam;;Návrh validace;;;;VU;;;;47;20240726
34;47755042;Euoniticellus fulvus;;Brouci;Kavka M.;20190422;20190422;;7081850;Horušice;5958;Horušice;-672795.64;-1061753.46;POKORNİ J. (2019) Terenní pozorování.;0;1;0;jedinci;;;;;;;0;;;;;Sbìr floristickıch a faunistickıch nálezù;Nálezová data ochrany pøírody;Bárdyová Mária;0;;;;;;;VU;;;;1;20191113
35;64697643;Euoniticellus fulvus;;Brouci;Gaigr Jonáš, Kušnírová Tereza;20250715;20250715;;12291819;Horšovská obora;6443;Horšov;-859226.45;-1087064.34;GAIGR J. (2025) Terénní zápisky - náhodná pozorování.;0;;0;;;;;;;;0;;;;;Mobilní sbìr dat;ND - Databáze BioLog;Gaigr Jonáš;0;vìrohodnı záznam;;Návrh validace;;;;VU;;;;2;20250803
36;64310101;Euoniticellus fulvus;;Brouci;Køivan Václav;20250528;20250528;;12082932;Hrubšice;6963;Hrubšice;-622193.82;-1169435.32;KØIVAN V. (2025) Terénní zápisky - náhodná pozorování.;0;;0;;;;;;;;0;;;;;Mobilní sbìr dat;ND - Databáze BioLog;Køivan Václav;0;vìrohodnı záznam;;Návrh validace;;;;VU;;;;16;20250614
37;64456570;Euoniticellus fulvus;;Brouci;Køivan Václav;20250618;20250618;;12166683;Hrubšice;6963;Hrubšice;-621523.97;-1169166.39;KØIVAN V. (2025) Terénní zápisky - náhodná pozorování.;0;;0;;;;;;;;0;;;;;Mobilní sbìr dat;ND - Databáze BioLog;Køivan Václav;0;vìrohodnı záznam;;Návrh validace;;;;VU;;;;8;20250705
38;33678149;Euoniticellus fulvus;;Brouci;Reiter Antonín;20010701;20010701;;5368012;Jeèmeništì nr. Hnízdo;7262;Jeèmeništì;-638408;-1206311;JUØENA D., TİR V., BEZDÌK A. (2008) Pøíspìvek k faunistickému vızkumu listorohıch broukù (Coleoptera: Scarabaeoidea) na území Èeské republiky a Slovenska. Klapalekiana. 44, Supplementum. 17-176.;0;1;0;jedinci;;;;;;;0;;;;;Sbìr floristickıch a faunistickıch nálezù;Nálezová data ochrany pøírody;Škapec Ludvík;1;;;Garantováno;;;;VU;;;;300;20140916
39;33678150;Euoniticellus fulvus;;Brouci;Meixnerová O.;20020730;20020730;;5368012;Jeèmeništì nr. Hnízdo;7262;Jeèmeništì;-638408;-1206311;JUØENA D., TİR V., BEZDÌK A. (2008) Pøíspìvek k faunistickému vızkumu listorohıch broukù (Coleoptera: Scarabaeoidea) na území Èeské republiky a Slovenska. Klapalekiana. 44, Supplementum. 17-176.;0;1;0;jedinci;;;;;;;0;;;;;Sbìr floristickıch a faunistickıch nálezù;Nálezová data ochrany pøírody;Škapec Ludvík;1;;;Garantováno;;;;VU;;;;300;20140916
40;33656152;Euoniticellus fulvus;;Brouci;Fischer O.A.;20091004;20091004;;5473908;Kralice nad Oslavou;6863;Kralice nad Oslavou;-628178.95;-1157212.5;PEØINKOVÁ P., FISCHER O. A. (2010) Euoniticellus fulvus (Goeze, 1777) (Coleoptera: Scarabaeidae) in south-western Moravia (Czech Republic). Acta Musei Moraviae, Scientiae biologicae (Brno) 95(2). s. 25-28.;0;;0;;;;;;;;0;1 samice;kravskı trus;;;Sbìr floristickıch a faunistickıch nálezù;Nálezová data ochrany pøírody;ISOP Admin;1;;;Garantováno;;;;VU;;;;2363;20140826
41;39743771;Euoniticellus fulvus;;Brouci;Køivan Václav;20170527;20170527;;6160197;Krasonice - Lùmek u Maškova mlına;6859;Krasonice;-670060.36;-1162803.31;KØIVAN V. (2017) Terénní zápisky - náhodná pozorování.;0;1;0;jedinci;;;;;;;0;;;;;Mobilní sbìr dat;ND - Databáze BioLog;Køivan Václav;1;;;Garantováno;;;;VU;;;;8;20170528;20170527;2136
42;50084373;Euoniticellus fulvus;;Brouci;Kopr David;20200602;20200602;;7643670;Lange Wart;7265;Novı Pøerov;-609397.62;-1203821.18;PROKEŠOVÁ H., VAŠÍÈEK M., KOPR D., LÍZNAROVÁ E. (2020) Pøerovskı vrch – botanickı a zoologickı prùzkum.;0;2;0;jedinci;;;;;;;0;;;;Coleoptera;Sbìr floristickıch a faunistickıch nálezù;Data z botanického a zoologického prùzkumu;Hejda Radek;0;;;;;;;VU;;;;1;20201202
43;33656172;Euoniticellus fulvus;;Brouci;Peøinková Pavlína;20090924;20090924;;5473926;Laínky;6961;Laínky;-656139.77;-1171992.28;PEØINKOVÁ P., FISCHER O. A. (2010) Euoniticellus fulvus (Goeze, 1777) (Coleoptera: Scarabaeidae) in south-western Moravia (Czech Republic). Acta Musei Moraviae, Scientiae biologicae (Brno) 95(2). s. 25-28.;0;;0;;;;;;;;0;1 samec;koòskı trus;;;Sbìr floristickıch a faunistickıch nálezù;Nálezová data ochrany pøírody;ISOP Admin;1;;;Garantováno;;;;VU;;;;1594;20140826
44;52923238;Euoniticellus fulvus;;Brouci;Lucie Ambroová, Samaneh Sakaki, Lukáš Èíek, David Hauck, Simon Thorn;20210731;20210731;16:22;8095207;Lednice;7166;Lednice na Moravì;-587909.6;-1205445.49;AMBROOVÁ L. (2021) Terénní zápisky - náhodná pozorování.;0;1;0;jedinci;;;;;;;0;;;;;Mobilní sbìr dat;ND - Databáze BioLog;Ambroová Lucie;1;;;Garantováno;;;;VU;;;;7;20220705
45;45490241;Euoniticellus fulvus;;Brouci;Chobot Karel;20180807;20180807;;6645793;Lednice, Novı Dvùr;7266;Charvátská Nová Ves;-588601.94;-1208726.15;CHOBOT K. (2018) Terénní zápisky - náhodná pozorování.;0;1;0;jedinci;;;;;;;0;;;;;Mobilní sbìr dat;ND - Databáze BioLog;Chobot Karel;1;;;Garantováno;;;;VU;;;;10;20180816
46;48651259;Euoniticellus fulvus;;Brouci;Ambroová Lucie;20180730;20180730;;7299481;Lysá nad Labem;5755;Lysá nad Labem;-710668.83;-1034323.8;Èeská krajina o.p.s., Biologické centrum AV ÈR v.v.i. (2018) Obnova stanoviš a zavedení pastvy velkıch spásaèù v EVL Milovice-Mladá a navazujících plochách - I. a II. etapa (Pod Benáteckım vrchem + Traviny).;0;1;0;imaga;;;;;;;0;rozplavení trusu ve vodì, trus konì, 3 replication = èíslo exkrementu (konì, krávy 10 ks/lokalita, ovce a lesozvìø 20 ks/lokalita);;;;Sbìr floristickıch a faunistickıch nálezù;Nálezová data ochrany pøírody;Hejtmánková Jana;0;;;;;;;VU;;;;1;20200305
47;33678143;Euoniticellus fulvus;;Brouci;Polák -;19550101;19551231;;5393809;Malı Bor;6647;Malı Bor;-810135;-1118722;JUØENA D., TİR V., BEZDÌK A. (2008) Pøíspìvek k faunistickému vızkumu listorohıch broukù (Coleoptera: Scarabaeoidea) na území Èeské republiky a Slovenska. Klapalekiana. 44, Supplementum. 17-176.;0;1;0;jedinci;;;;;;;0;;;;;Sbìr floristickıch a faunistickıch nálezù;Nálezová data ochrany pøírody;Škapec Ludvík;1;;;Garantováno;;;;VU;;;;3000;20140916
48;61875188;Euoniticellus fulvus;;Brouci;Chybík Josef, Tomèík Jiøí, Bezdìk Aleš, Bezdìk Jan, Hrùzová Lucie, Kubáò Vítìzslav, Martinyová Adriana, Ryšánek Jaroslav, Sehnal Richard, Souèek Martin, Sıkora Karel, Škorpík Martin;20240719;20240719;;10111876;Mašovice u Znojma - pastevní rezervace exmoorskıch koní;7161;Mašovice u Znojma;-649235.78;-1194076.97;Sekce pro vızkum vrubounovitıch broukù, Èeská spoleènost entomologická (2024) Vısledky vıjezdního zasedání Sekce.;0;;0;jedinci;;;;;;;0;Jaroslav Ryšánek lgt.;;;;Sbìr floristickıch a faunistickıch nálezù;Nálezová data ochrany pøírody;Hrùzová Lucie;0;;;;;;;VU;;;;116;20250313
49;57793292;Euoniticellus fulvus;;Brouci;Vávra Jiøí;20210510;20210510;;9650429;Mašovice-støelnice;7161;Mašovice u Znojma;-648803.29;-1194282.73;Vávra J. (2023) Entomologickı prùzkum saproxylofágních broukù (Coleoptera) na území Národního parku Podyjí a jeho ochranného pásma a vyhodnocení vıskytu druhù z hlediska potøeb ochrany pøírody.;0;1;0;jedinci;;;;;;;0;;;;;Sbìr floristickıch a faunistickıch nálezù;Monitoring a mapování vybranıch druhù;Raèanskı Zdenìk;0;;;;;;;VU;;;;1;20240211
50;61623065;Euoniticellus fulvus;;Brouci;Hauck David;20240713;20240907;;10769254;Mikulov, slanisko;7165;Mikulov na Moravì;-602193.94;-1203579.01;HAUCK D. (2024) Entomologickı prùzkum slaniska u Mikulova.;0;1;0;jedinci;;;;;;;0;;;;;Sbìr floristickıch a faunistickıch nálezù;Importy nálezù hmyzu;Tøešòák Martin;0;;;;;;;VU;;;;1;20250211
51;47755026;Euoniticellus fulvus;;Brouci;Kavka M.;20190706;20190706;;7081849;Milotice;6156;Èestín;-698320.56;-1078830.44;POKORNİ J. (2019) Terenní pozorování.;0;1;0;jedinci;;;;;;;0;;;;;Sbìr floristickıch a faunistickıch nálezù;Nálezová data ochrany pøírody;Bárdyová Mária;0;;;;;;;VU;;;;1;20191113
52;48858080;Euoniticellus fulvus;;Brouci;Køivan Václav;20200508;20200508;;7408366;Mohelno - step vıchod;6863;Mohelno;-629093.18;-1167465.02;KØIVAN V. (2020) Terénní zápisky - náhodná pozorování.;0;;0;;;;;;;;0;;;;;Mobilní sbìr dat;ND - Databáze BioLog;Køivan Václav;0;vìrohodnı záznam;;Návrh validace;;;;VU;;;;32;20200526
53;33678354;Euoniticellus fulvus;;Brouci;Vališ Jaromír;20030806;20030806;;5375945;NPP Pastvisko u Lednice 1453;7166;Lednice na Moravì;-588817;-1204600;JUØENA D., TİR V., BEZDÌK A. (2008) Pøíspìvek k faunistickému vızkumu listorohıch broukù (Coleoptera: Scarabaeoidea) na území Èeské republiky a Slovenska. Klapalekiana. 44, Supplementum. 17-176.;0;1;0;jedinci;;;;;;;0;;Equus;;;Sbìr floristickıch a faunistickıch nálezù;Nálezová data ochrany pøírody;Škapec Ludvík;1;;;Garantováno;;;;VU;;;;528;20140917
54;57440810;Euoniticellus fulvus;;Brouci;Jelínek Aleš, Køivan Václav;20190506;20190506;;9599186;NPR Divoká Oslava - Levı bøeh;6862;Bøezník;-630455.1;-1159959;JELÍNEK A., KØIVAN V. (2020) Inventarizaèní prùzkum - NPR Divoká Oslava. Saproxylickı hmyz, fytofágní hmyz a epigeiètí predátoøi - Brouci: Závìreèná zpráva. Volfíøov - Øeèice. Manuskript. 78 s. Archivuje Ústøední seznam ochrany pøírody, AOPK ÈR, Praha.;0;;0;jedinci;vzácnì;;;;;;0;;;;;OP MapInv: Inventarizace MZCHÚ;Data z projektu: Inventarizace MZCHÚ;Raèanskı Zdenìk;0;;;;;;;VU;;;;1;20240102
55;15794819;Euoniticellus fulvus;;Brouci;Dedek Pavel, Šácha Vladimír;20110717;20110717;;4944376;NPR Dìvín-Kotel-Soutìska (èást Kotel);7165;Klentnice;-599812;-1197669;DEDEK P. (2011) Terénní šetøení 2011.;0;1;0;jedinci;;;;;;;0;;;;;Sbìr floristickıch a faunistickıch nálezù;Nálezová data ochrany pøírody;Dedek Pavel;1;;;Garantováno;;;;VU;;;437;0;20120129
56;49720046;Euoniticellus fulvus;;Brouci;Jelínek Aleš, Køivan Václav;20180630;20180630;;7516199;NPR Mohelenská hadcová step - západ;6863;Mohelno;-630830.92;-1167260.36;JELÍNEK A., KØIVAN V. (2019) Inventarizace saproxylického hmyzu a epigeickıch predátorù lokality NPR Mohelenská hadcová step. Èást 1. Brouci.;0;;0;jedinci;vzácnì;;;;;;0;;;;;OP MapInv: Inventarizace MZCHÚ;Data z projektu: Inventarizace MZCHÚ;Raèanskı Zdenìk;0;;;;;;;VU;;;;1;20200709
57;49823834;Euoniticellus fulvus;;Brouci;Jelínek Aleš, Køivan Václav;20180630;20180630;;7547943;NPR Mohelenská hadcová step - západ;6863;Mohelno;-630830.92;-1167260.36;JELÍNEK A., KØIVAN V. (2019) Inventarizace saproxylického hmyzu a epigeickıch predátorù lokality NPR Mohelenská hadcová step. Èást 1. Brouci: Závìreèná zpráva. Volfíøov - Øeèice. Manuskript. 42 s. Archivuje Ústøední seznam ochrany pøírody, AOPK ÈR, Praha.;0;;0;jedinci;vzácnì;;;;;;0;;;;;OP MapInv: Inventarizace MZCHÚ;Data z projektu: Inventarizace MZCHÚ;Raèanskı Zdenìk;0;;;;;;;VU;;;;1;20200812
58;54475034;Euoniticellus fulvus;;Brouci;Hrùzová Lucie, Ambroová Lucie, Bezdìk A., Resl Jaroslav, Kopr David, Martinyová Adriana, Kylies Petr, Mencl Ladislav, Sehnal Richard;20220611;20220611;;1817736;NPR Slanisko u Nesytu;7266;Sedlec u Mikulova;-596501;-1207875;Sekce pro vızkum vrubounovitıch broukù (2022) Faunistické mapování nadèeledi Scarabaeoidea.;0;;0;jedinci;;;;;;;0;;;;;Sbìr floristickıch a faunistickıch nálezù;Nálezová data ochrany pøírody;Hrùzová Lucie;0;vìrohodnı záznam;;Návrh validace;;;;VU;;;176;298;20221225
59;32781752;Euoniticellus fulvus;;Brouci;Køivan Václav;20120401;20120831;;5395007;Novy Prerov - slanisko;7164;Novı Pøerov;-610980;-1202344;KØIVAN V., JELÍNEK A., NÌMEC R., REITER A. (2013) Závìreèná zpráva k provedenému prùzkumu vybranıch lokalit v oblasti Znojemska. Projekt Greennet podpoøenı Evropskou unií z programu Central Europe, kofinancovanı ERDF. Obèanské sdruení Ametyst.;0;;0;;hojnì;;;;;;0;;;;;Sbìr floristickıch a faunistickıch nálezù;Nálezová data ochrany pøírody;Kopeèková Michala;1;;;Garantováno;;;;VU;;_;;196;20140204
60;61765423;Euoniticellus fulvus;;Brouci;Kavka Michal;20190519;20190519;;10807566;Nové Dvory;6057;Nové Dvory u Kutné Hory;-680625.24;-1063858.04;Michal Kavka (2024) Vlastní nálezy.;0;1;0;jedinci;;;;;;;0;;;;;Sbìr floristickıch a faunistickıch nálezù;Importy nálezù hmyzu;Hejda Radek;0;vìrohodnı záznam;;Návrh validace;;;;VU;;;;1;20250221
61;61765424;Euoniticellus fulvus;;Brouci;Kavka Michal;20190527;20190527;;10807566;Nové Dvory;6057;Nové Dvory u Kutné Hory;-680625.24;-1063858.04;Michal Kavka (2024) Vlastní nálezy.;0;2;0;jedinci;;;;;;;0;;;;;Sbìr floristickıch a faunistickıch nálezù;Importy nálezù hmyzu;Hejda Radek;0;vìrohodnı záznam;;Návrh validace;;;;VU;;;;1;20250221
62;33678375;Euoniticellus fulvus;;Brouci;Maøík Martin;20050827;20050827;;5388642;Novı Dvùr nr. Lednice;7266;Charvátská Nová Ves;-588837;-1208808;JUØENA D., TİR V., BEZDÌK A. (2008) Pøíspìvek k faunistickému vızkumu listorohıch broukù (Coleoptera: Scarabaeoidea) na území Èeské republiky a Slovenska. Klapalekiana. 44, Supplementum. 17-176.;0;4;0;jedinci;;;;;;;0;;;;;Sbìr floristickıch a faunistickıch nálezù;Nálezová data ochrany pøírody;Škapec Ludvík;1;;;Garantováno;;;;VU;;;186;300;20140917
63;33678367;Euoniticellus fulvus;;Brouci;Vališ Jaromír;20030622;20030622;;5388642;Novı Dvùr nr. Lednice;7266;Charvátská Nová Ves;-588837;-1208808;JUØENA D., TİR V., BEZDÌK A. (2008) Pøíspìvek k faunistickému vızkumu listorohıch broukù (Coleoptera: Scarabaeoidea) na území Èeské republiky a Slovenska. Klapalekiana. 44, Supplementum. 17-176.;0;11;0;jedinci;;;;;;;0;;;;;Sbìr floristickıch a faunistickıch nálezù;Nálezová data ochrany pøírody;Škapec Ludvík;1;;;Garantováno;;;;VU;;;186;300;20140917
64;33678368;Euoniticellus fulvus;;Brouci;Chybík Josef;20030801;20030801;;5388642;Novı Dvùr nr. Lednice;7266;Charvátská Nová Ves;-588837;-1208808;JUØENA D., TİR V., BEZDÌK A. (2008) Pøíspìvek k faunistickému vızkumu listorohıch broukù (Coleoptera: Scarabaeoidea) na území Èeské republiky a Slovenska. Klapalekiana. 44, Supplementum. 17-176.;0;15;0;jedinci;;;;;;;0;;;;;Sbìr floristickıch a faunistickıch nálezù;Nálezová data ochrany pøírody;Škapec Ludvík;1;;;Garantováno;;;;VU;;;186;300;20140917
65;33678379;Euoniticellus fulvus;;Brouci;Juøena Daniel, Štìpánek František;20070925;20070925;;5388642;Novı Dvùr nr. Lednice;7266;Charvátská Nová Ves;-588837;-1208808;JUØENA D., TİR V., BEZDÌK A. (2008) Pøíspìvek k faunistickému vızkumu listorohıch broukù (Coleoptera: Scarabaeoidea) na území Èeské republiky a Slovenska. Klapalekiana. 44, Supplementum. 17-176.;0;7;0;jedinci;;;;;;;0;;;;;Sbìr floristickıch a faunistickıch nálezù;Nálezová data ochrany pøírody;Škapec Ludvík;1;;;Garantováno;;;;VU;;;186;300;20140917
66;33678381;Euoniticellus fulvus;;Brouci;Kováø Josef;20080719;20080719;;5388642;Novı Dvùr nr. Lednice;7266;Charvátská Nová Ves;-588837;-1208808;JUØENA D., TİR V., BEZDÌK A. (2008) Pøíspìvek k faunistickému vızkumu listorohıch broukù (Coleoptera: Scarabaeoidea) na území Èeské republiky a Slovenska. Klapalekiana. 44, Supplementum. 17-176.;0;1;0;jedinci;;;;;;;0;;;;;Sbìr floristickıch a faunistickıch nálezù;Nálezová data ochrany pøírody;Škapec Ludvík;1;;;Garantováno;;;;VU;;;186;300;20140917
67;33678373;Euoniticellus fulvus;;Brouci;Zeman Vladimír;20041002;20041002;;5388642;Novı Dvùr nr. Lednice;7266;Charvátská Nová Ves;-588837;-1208808;JUØENA D., TİR V., BEZDÌK A. (2008) Pøíspìvek k faunistickému vızkumu listorohıch broukù (Coleoptera: Scarabaeoidea) na území Èeské republiky a Slovenska. Klapalekiana. 44, Supplementum. 17-176.;0;2;0;jedinci;;;;;;;0;;;;;Sbìr floristickıch a faunistickıch nálezù;Nálezová data ochrany pøírody;Škapec Ludvík;1;;;Garantováno;;;;VU;;;186;300;20140917
68;33678366;Euoniticellus fulvus;;Brouci;Chybík Josef;20030516;20030516;;5388642;Novı Dvùr nr. Lednice;7266;Charvátská Nová Ves;-588837;-1208808;JUØENA D., TİR V., BEZDÌK A. (2008) Pøíspìvek k faunistickému vızkumu listorohıch broukù (Coleoptera: Scarabaeoidea) na území Èeské republiky a Slovenska. Klapalekiana. 44, Supplementum. 17-176.;0;2;0;jedinci;;;;;;;0;;;;;Sbìr floristickıch a faunistickıch nálezù;Nálezová data ochrany pøírody;Škapec Ludvík;1;;;Garantováno;;;;VU;;;186;300;20140917
69;33678358;Euoniticellus fulvus;;Brouci;Juøena Daniel;20020810;20020810;;5388642;Novı Dvùr nr. Lednice;7266;Charvátská Nová Ves;-588837;-1208808;JUØENA D., TİR V., BEZDÌK A. (2008) Pøíspìvek k faunistickému vızkumu listorohıch broukù (Coleoptera: Scarabaeoidea) na území Èeské republiky a Slovenska. Klapalekiana. 44, Supplementum. 17-176.;0;4;0;jedinci;;;;;;;0;;;;;Sbìr floristickıch a faunistickıch nálezù;Nálezová data ochrany pøírody;Škapec Ludvík;1;;;Garantováno;;;;VU;;;186;300;20140917
70;33678370;Euoniticellus fulvus;;Brouci;Chybík Josef;20030927;20030927;;5388642;Novı Dvùr nr. Lednice;7266;Charvátská Nová Ves;-588837;-1208808;JUØENA D., TİR V., BEZDÌK A. (2008) Pøíspìvek k faunistickému vızkumu listorohıch broukù (Coleoptera: Scarabaeoidea) na území Èeské republiky a Slovenska. Klapalekiana. 44, Supplementum. 17-176.;0;5;0;jedinci;;;;;;;0;;;;;Sbìr floristickıch a faunistickıch nálezù;Nálezová data ochrany pøírody;Škapec Ludvík;1;;;Garantováno;;;;VU;;;186;300;20140917
71;33678363;Euoniticellus fulvus;;Brouci;Chybík Josef;20020930;20020930;;5388642;Novı Dvùr nr. Lednice;7266;Charvátská Nová Ves;-588837;-1208808;JUØENA D., TİR V., BEZDÌK A. (2008) Pøíspìvek k faunistickému vızkumu listorohıch broukù (Coleoptera: Scarabaeoidea) na území Èeské republiky a Slovenska. Klapalekiana. 44, Supplementum. 17-176.;0;1;0;jedinci;;;;;;;0;;;;;Sbìr floristickıch a faunistickıch nálezù;Nálezová data ochrany pøírody;Škapec Ludvík;1;;;Garantováno;;;;VU;;;186;300;20140917
72;33678371;Euoniticellus fulvus;;Brouci;Juøena Daniel;20031003;20031003;;5388642;Novı Dvùr nr. Lednice;7266;Charvátská Nová Ves;-588837;-1208808;JUØENA D., TİR V., BEZDÌK A. (2008) Pøíspìvek k faunistickému vızkumu listorohıch broukù (Coleoptera: Scarabaeoidea) na území Èeské republiky a Slovenska. Klapalekiana. 44, Supplementum. 17-176.;0;3;0;jedinci;;;;;;;0;;;;;Sbìr floristickıch a faunistickıch nálezù;Nálezová data ochrany pøírody;Škapec Ludvík;1;;;Garantováno;;;;VU;;;186;300;20140917
73;33678365;Euoniticellus fulvus;;Brouci;Habarta Jan;20021025;20021025;;5388642;Novı Dvùr nr. Lednice;7266;Charvátská Nová Ves;-588837;-1208808;JUØENA D., TİR V., BEZDÌK A. (2008) Pøíspìvek k faunistickému vızkumu listorohıch broukù (Coleoptera: Scarabaeoidea) na území Èeské republiky a Slovenska. Klapalekiana. 44, Supplementum. 17-176.;0;2;0;jedinci;;;;;;;0;;;;;Sbìr floristickıch a faunistickıch nálezù;Nálezová data ochrany pøírody;Škapec Ludvík;1;;;Garantováno;;;;VU;;;186;300;20140917
74;33678377;Euoniticellus fulvus;;Brouci;Kováø Josef;20070429;20070429;;5388642;Novı Dvùr nr. Lednice;7266;Charvátská Nová Ves;-588837;-1208808;JUØENA D., TİR V., BEZDÌK A. (2008) Pøíspìvek k faunistickému vızkumu listorohıch broukù (Coleoptera: Scarabaeoidea) na území Èeské republiky a Slovenska. Klapalekiana. 44, Supplementum. 17-176.;0;1;0;jedinci;;;;;;;0;;;;;Sbìr floristickıch a faunistickıch nálezù;Nálezová data ochrany pøírody;Škapec Ludvík;1;;;Garantováno;;;;VU;;;186;300;20140917
75;33678380;Euoniticellus fulvus;;Brouci;Juøena Daniel, Štìpánek František;20071002;20071002;;5388642;Novı Dvùr nr. Lednice;7266;Charvátská Nová Ves;-588837;-1208808;JUØENA D., TİR V., BEZDÌK A. (2008) Pøíspìvek k faunistickému vızkumu listorohıch broukù (Coleoptera: Scarabaeoidea) na území Èeské republiky a Slovenska. Klapalekiana. 44, Supplementum. 17-176.;0;1;0;jedinci;;;;;;;0;;;;;Sbìr floristickıch a faunistickıch nálezù;Nálezová data ochrany pøírody;Škapec Ludvík;1;;;Garantováno;;;;VU;;;186;300;20140917
76;33678355;Euoniticellus fulvus;;Brouci;Kavka Michal;19990923;19990923;;5388642;Novı Dvùr nr. Lednice;7266;Charvátská Nová Ves;-588837;-1208808;JUØENA D., TİR V., BEZDÌK A. (2008) Pøíspìvek k faunistickému vızkumu listorohıch broukù (Coleoptera: Scarabaeoidea) na území Èeské republiky a Slovenska. Klapalekiana. 44, Supplementum. 17-176.;0;1;0;jedinci;;;;;;;0;;Equus;;;Sbìr floristickıch a faunistickıch nálezù;Nálezová data ochrany pøírody;Škapec Ludvík;1;;;Garantováno;;;;VU;;;186;300;20140917
77;33678359;Euoniticellus fulvus;;Brouci;Juøena Daniel, Doleel Karel;20020817;20020817;;5388642;Novı Dvùr nr. Lednice;7266;Charvátská Nová Ves;-588837;-1208808;JUØENA D., TİR V., BEZDÌK A. (2008) Pøíspìvek k faunistickému vızkumu listorohıch broukù (Coleoptera: Scarabaeoidea) na území Èeské republiky a Slovenska. Klapalekiana. 44, Supplementum. 17-176.;0;4;0;jedinci;;;;;;;0;;;;;Sbìr floristickıch a faunistickıch nálezù;Nálezová data ochrany pøírody;Škapec Ludvík;1;;;Garantováno;;;;VU;;;186;300;20140917
78;33678357;Euoniticellus fulvus;;Brouci;Schles Radovan;20010706;20010706;;5388642;Novı Dvùr nr. Lednice;7266;Charvátská Nová Ves;-588837;-1208808;JUØENA D., TİR V., BEZDÌK A. (2008) Pøíspìvek k faunistickému vızkumu listorohıch broukù (Coleoptera: Scarabaeoidea) na území Èeské republiky a Slovenska. Klapalekiana. 44, Supplementum. 17-176.;0;8;0;jedinci;;;;;;;0;;;;;Sbìr floristickıch a faunistickıch nálezù;Nálezová data ochrany pøírody;Škapec Ludvík;1;;;Garantováno;;;;VU;;;186;300;20140917
79;33678361;Euoniticellus fulvus;;Brouci;Mazal Lubomír;20020916;20020916;;5388642;Novı Dvùr nr. Lednice;7266;Charvátská Nová Ves;-588837;-1208808;JUØENA D., TİR V., BEZDÌK A. (2008) Pøíspìvek k faunistickému vızkumu listorohıch broukù (Coleoptera: Scarabaeoidea) na území Èeské republiky a Slovenska. Klapalekiana. 44, Supplementum. 17-176.;0;1;0;jedinci;;;;;;;0;;;;;Sbìr floristickıch a faunistickıch nálezù;Nálezová data ochrany pøírody;Škapec Ludvík;1;;;Garantováno;;;;VU;;;186;300;20140917;20140917;90
80;33678364;Euoniticellus fulvus;;Brouci;Vacík Dušan, Habarta Jan;20021022;20021022;;5388642;Novı Dvùr nr. Lednice;7266;Charvátská Nová Ves;-588837;-1208808;JUØENA D., TİR V., BEZDÌK A. (2008) Pøíspìvek k faunistickému vızkumu listorohıch broukù (Coleoptera: Scarabaeoidea) na území Èeské republiky a Slovenska. Klapalekiana. 44, Supplementum. 17-176.;0;2;0;jedinci;;;;;;;0;;;;;Sbìr floristickıch a faunistickıch nálezù;Nálezová data ochrany pøírody;Škapec Ludvík;1;;;Garantováno;;;;VU;;;186;300;20140917
81;33678356;Euoniticellus fulvus;;Brouci;Kandrnál Ladislav;20010625;20010625;;5388642;Novı Dvùr nr. Lednice;7266;Charvátská Nová Ves;-588837;-1208808;JUØENA D., TİR V., BEZDÌK A. (2008) Pøíspìvek k faunistickému vızkumu listorohıch broukù (Coleoptera: Scarabaeoidea) na území Èeské republiky a Slovenska. Klapalekiana. 44, Supplementum. 17-176.;0;1;0;jedinci;;;;;;;0;;;;;Sbìr floristickıch a faunistickıch nálezù;Nálezová data ochrany pøírody;Škapec Ludvík;1;;;Garantováno;;;;VU;;;186;300;20140917
82;33678362;Euoniticellus fulvus;;Brouci;Chybík Josef;20020914;20020914;;5388642;Novı Dvùr nr. Lednice;7266;Charvátská Nová Ves;-588837;-1208808;JUØENA D., TİR V., BEZDÌK A. (2008) Pøíspìvek k faunistickému vızkumu listorohıch broukù (Coleoptera: Scarabaeoidea) na území Èeské republiky a Slovenska. Klapalekiana. 44, Supplementum. 17-176.;0;1;0;jedinci;;;;;;;0;;;;;Sbìr floristickıch a faunistickıch nálezù;Nálezová data ochrany pøírody;Škapec Ludvík;1;;;Garantováno;;;;VU;;;186;300;20140917;20140917;90
83;33678360;Euoniticellus fulvus;;Brouci;Juøena Daniel, Schles Radovan;20020825;20020825;;5388642;Novı Dvùr nr. Lednice;7266;Charvátská Nová Ves;-588837;-1208808;JUØENA D., TİR V., BEZDÌK A. (2008) Pøíspìvek k faunistickému vızkumu listorohıch broukù (Coleoptera: Scarabaeoidea) na území Èeské republiky a Slovenska. Klapalekiana. 44, Supplementum. 17-176.;0;2;0;jedinci;;;;;;;0;;;;;Sbìr floristickıch a faunistickıch nálezù;Nálezová data ochrany pøírody;Škapec Ludvík;1;;;Garantováno;;;;VU;;;186;300;20140917
84;33678374;Euoniticellus fulvus;;Brouci;Maøík Martin;20050813;20050813;;5388642;Novı Dvùr nr. Lednice;7266;Charvátská Nová Ves;-588837;-1208808;JUØENA D., TİR V., BEZDÌK A. (2008) Pøíspìvek k faunistickému vızkumu listorohıch broukù (Coleoptera: Scarabaeoidea) na území Èeské republiky a Slovenska. Klapalekiana. 44, Supplementum. 17-176.;0;1;0;jedinci;;;;;;;0;;;;;Sbìr floristickıch a faunistickıch nálezù;Nálezová data ochrany pøírody;Škapec Ludvík;1;;;Garantováno;;;;VU;;;186;300;20140917
85;33678372;Euoniticellus fulvus;;Brouci;Chybík Josef;20031010;20031010;;5388642;Novı Dvùr nr. Lednice;7266;Charvátská Nová Ves;-588837;-1208808;JUØENA D., TİR V., BEZDÌK A. (2008) Pøíspìvek k faunistickému vızkumu listorohıch broukù (Coleoptera: Scarabaeoidea) na území Èeské republiky a Slovenska. Klapalekiana. 44, Supplementum. 17-176.;0;1;0;jedinci;;;;;;;0;;;;;Sbìr floristickıch a faunistickıch nálezù;Nálezová data ochrany pøírody;Škapec Ludvík;1;;;Garantováno;;;;VU;;;186;300;20140917
86;33678369;Euoniticellus fulvus;;Brouci;Chybík Josef;20030805;20030805;;5388642;Novı Dvùr nr. Lednice;7266;Charvátská Nová Ves;-588837;-1208808;JUØENA D., TİR V., BEZDÌK A. (2008) Pøíspìvek k faunistickému vızkumu listorohıch broukù (Coleoptera: Scarabaeoidea) na území Èeské republiky a Slovenska. Klapalekiana. 44, Supplementum. 17-176.;0;30;1;jedinci;;;;;;;0;;;;;Sbìr floristickıch a faunistickıch nálezù;Nálezová data ochrany pøírody;Škapec Ludvík;1;;;Garantováno;;;;VU;;;186;300;20140917
87;33678376;Euoniticellus fulvus;;Brouci;Maøík Martin;20060812;20060812;;5388642;Novı Dvùr nr. Lednice;7266;Charvátská Nová Ves;-588837;-1208808;JUØENA D., TİR V., BEZDÌK A. (2008) Pøíspìvek k faunistickému vızkumu listorohıch broukù (Coleoptera: Scarabaeoidea) na území Èeské republiky a Slovenska. Klapalekiana. 44, Supplementum. 17-176.;0;;0;jedinci;;;;;;;0;více ex.;;;;Sbìr floristickıch a faunistickıch nálezù;Nálezová data ochrany pøírody;Škapec Ludvík;1;;;Garantováno;;;;VU;;;186;300;20140917
88;33678378;Euoniticellus fulvus;;Brouci;Maøík Martin;20070728;20070728;;5388642;Novı Dvùr nr. Lednice;7266;Charvátská Nová Ves;-588837;-1208808;JUØENA D., TİR V., BEZDÌK A. (2008) Pøíspìvek k faunistickému vızkumu listorohıch broukù (Coleoptera: Scarabaeoidea) na území Èeské republiky a Slovenska. Klapalekiana. 44, Supplementum. 17-176.;0;1;0;jedinci;;;;;;;0;;;;;Sbìr floristickıch a faunistickıch nálezù;Nálezová data ochrany pøírody;Škapec Ludvík;1;;;Garantováno;;;;VU;;;186;300;20140917
89;33678156;Euoniticellus fulvus;;Brouci;Schles Radovan;20051029;20051029;;5477156;Ochoz u Brna;6766;Ochoz u Brna;-587489.22;-1154842.22;JUØENA D., TİR V., BEZDÌK A. (2008) Pøíspìvek k faunistickému vızkumu listorohıch broukù (Coleoptera: Scarabaeoidea) na území Èeské republiky a Slovenska. Klapalekiana. 44, Supplementum. 17-176.;0;1;0;jedinci;;;;;;;0;;Equus;;;Sbìr floristickıch a faunistickıch nálezù;Nálezová data ochrany pøírody;Škapec Ludvík;1;;;Garantováno;;;;VU;;;;2681;20140916
90;44342335;Euoniticellus fulvus;;Brouci;Køivan Václav;20180411;20180411;;6514697;Ochoz u Brna - PR Údolí Øíèky;6766;Ochoz u Brna;-588050.24;-1156344.02;KØIVAN V. (2018) Terénní zápisky - náhodná pozorování.;0;;0;;;;;;;;0;;;;;Mobilní sbìr dat;ND - Databáze BioLog;Køivan Václav;1;;;Garantováno;;;;VU;;;;32;20180418
91;33656162;Euoniticellus fulvus;;Brouci;Peøinková Pavlína;20091001;20091001;;5473917;Ocmanice;6762;Ocmanice;-633090.04;-1153296.44;PEØINKOVÁ P., FISCHER O. A. (2010) Euoniticellus fulvus (Goeze, 1777) (Coleoptera: Scarabaeidae) in south-western Moravia (Czech Republic). Acta Musei Moraviae, Scientiae biologicae (Brno) 95(2). s. 25-28.;0;;0;;;;;;;;0;1 samice;kravskı trus;;;Sbìr floristickıch a faunistickıch nálezù;Nálezová data ochrany pøírody;ISOP Admin;1;;;Garantováno;;;;VU;;;;1651;20140826
92;33658130;Euoniticellus fulvus;;Brouci;Fischer O.A.;20090730;20090730;;5474070;Ocmanice-Plackı Dvùr farm;6762;Ocmanice;-633580.98;-1154307.09;PEØINKOVÁ P., FISCHER O. A. (2010) Euoniticellus fulvus (Goeze, 1777) (Coleoptera: Scarabaeidae) in south-western Moravia (Czech Republic). Acta Musei Moraviae, Scientiae biologicae (Brno) 95(2). s. 25-28.;0;;0;;;;;;;;0;1 samice;koòskı trus;;;Sbìr floristickıch a faunistickıch nálezù;Nálezová data ochrany pøírody;ISOP Admin;1;;;Garantováno;;;;VU;;;;1;20140826
93;56163673;Euoniticellus fulvus;;Brouci;Tomèík Jiøí;20230810;20230810;;9362985;Ostrava - Stará Bìlá;6275;Stará Bìlá;-477149.2;-1108088.29;TOMÈÍK J. (2017) Vlastní nálezy.;0;;0;jedinci;;;;;;;0;;;;;Sbìr floristickıch a faunistickıch nálezù;Nálezová data ochrany pøírody;Tomèík Jiøí;0;;;;;;;VU;;;;502;20230811
94;57172464;Euoniticellus fulvus;;Brouci;Tomèík Jiøí;20231014;20231014;;9362985;Ostrava - Stará Bìlá;6275;Stará Bìlá;-477149.2;-1108088.29;TOMÈÍK J. (2017) Vlastní nálezy.;0;;0;jedinci;;;;;;;0;;;;;Sbìr floristickıch a faunistickıch nálezù;Nálezová data ochrany pøírody;Tomèík Jiøí;0;;;;;;;VU;;;;502;20231014
95;33678154;Euoniticellus fulvus;;Brouci;Schles Radovan;20060801;20060801;;5382028;Oøešín;6765;Oøešín;-596850;-1151235;JUØENA D., TİR V., BEZDÌK A. (2008) Pøíspìvek k faunistickému vızkumu listorohıch broukù (Coleoptera: Scarabaeoidea) na území Èeské republiky a Slovenska. Klapalekiana. 44, Supplementum. 17-176.;0;1;0;jedinci;;;;;;;0;;Bos;;;Sbìr floristickıch a faunistickıch nálezù;Nálezová data ochrany pøírody;Škapec Ludvík;1;;;Garantováno;;;;VU;;;;1053;20140916;20140916;90
96;33678155;Euoniticellus fulvus;;Brouci;Schles Radovan;20070716;20070716;;5382028;Oøešín;6765;Oøešín;-596850;-1151235;JUØENA D., TİR V., BEZDÌK A. (2008) Pøíspìvek k faunistickému vızkumu listorohıch broukù (Coleoptera: Scarabaeoidea) na území Èeské republiky a Slovenska. Klapalekiana. 44, Supplementum. 17-176.;0;13;0;jedinci;;;;;;;0;;Bos;;;Sbìr floristickıch a faunistickıch nálezù;Nálezová data ochrany pøírody;Škapec Ludvík;1;;;Garantováno;;;;VU;;;;1053;20140916
97;49826098;Euoniticellus fulvus;;Brouci;Trnková Blanka, Trnková Zuzana, Trnka Filip;20190518;20190518;;7547966;PP Pod Templem;6268;Mladeè;-562342.2;-1106002.95;TRNKOVÁ B., TRNKOVÁ Z., TRNKA F. (2019) Inventarizaèní prùzkum: PP Pod Templem. Fytofágní hmyz a epigeiètí predátoøi: Závìreèná zpráva. Tršice. Manuskript. 15 s. Archivuje Ústøední seznam ochrany pøírody, AOPK ÈR, Praha.;0;1;0;jedinci;;;;;;;0;;;;;OP MapInv: Inventarizace MZCHÚ;Data z projektu: Inventarizace MZCHÚ;Raèanskı Zdenìk;0;vìrohodnı záznam;;Návrh validace;;;;VU;;;;1;20200812
98;49035824;Euoniticellus fulvus;;Brouci;Bobot L.;20190518;20190518;;7445897;PP Pod Templem;6268;Mladeè;-562036.8;-1105986.95;Kolektiv autorù (2019) Entomologické dny 2019.;0;;0;;;;;;;;0;;;equus;;Sbìr floristickıch a faunistickıch nálezù;Nálezová data ochrany pøírody;Hejda Radek;0;vìrohodnı záznam;;Návrh validace;;;;VU;;;;1;20200624
99;11594007;Euoniticellus fulvus;;Brouci;Fixa Pøemysl;19720101;19741231;;1242120;PR Karlické údolí 548;6051;Moøinka;-756818;-1056614;FIXA P. (1989) Vısledky vızkumu nadèeledi Lamellicornia (Coleoptera, Lamellicornia - listorozí) v oblasti SPR Karlické údolí ve Støedních Èechách. Zpravodaj Ochráncù pøírody okresu Praha - západ, X.5.89.;0;;0;jedinci;;;;;;;0;;;;;Sbìr floristickıch a faunistickıch nálezù;Nálezová data ochrany pøírody;Veselı Jaroslav;1;;;Garantováno;;;;VU;;;384;1540;20091209;20091221;9
100;49820314;Euoniticellus fulvus;;Brouci;Køivan Václav;20190506;20190506;;7547938;PR Soutok Oslavy a Chvojnice - Senorady, B: 7166476, Pole sitmap:6863;6863;Senorady;-625065.97;-1164505.88;KØIVAN V. (2019) Inventarizaèní prùzkum - PR Soutok Oslavy a Chvojnice. Saproxylickı hmyz a epigeiètí predátoøi: Závìreèná zpráva. Štìmìchy. Manuskript. 42 s. Archivuje Ústøední seznam ochrany pøírody, AOPK ÈR, Praha.;0;;0;jedinci;vzácnì;;;;;;0;;;;;OP MapInv: Inventarizace MZCHÚ;Data z projektu: Inventarizace MZCHÚ;Raèanskı Zdenìk;0;;;;;;;VU;;;;1;20200812
101;46083041;Euoniticellus fulvus;;Brouci;Køíová Lenka;20180504;20180504;;6822261;PR Údolí Øíèky;6766;Ochoz u Brna;-587909.07;-1156376.71;KØÍOVÁ L., KØIVAN V. (2018) Inventarizaèní prùzkum - PR Údolí Øíèky. Saproxylickı hmyz a epigeiètí predátoøi: Závìreèná zpráva. Brno. Manuskript. 20 s. Archivuje Ústøední seznam ochrany pøírody, AOPK ÈR, Praha.;0;;0;;vzácnì;;;;;;0;;;;;OP MapInv: Inventarizace MZCHÚ;Nálezová data ochrany pøírody;Køivan Václav;1;;;Garantováno;;;;VU;;;;0;20181205
102;33656165;Euoniticellus fulvus;;Brouci;Peøinková Pavlína;20091001;20091001;;5473920;Pocoucov;6761;Pocoucov;-648872.31;-1149309.06;PEØINKOVÁ P., FISCHER O. A. (2010) Euoniticellus fulvus (Goeze, 1777) (Coleoptera: Scarabaeidae) in south-western Moravia (Czech Republic). Acta Musei Moraviae, Scientiae biologicae (Brno) 95(2). s. 25-28.;0;;0;;;;;;;;0;2 samci, 1 samice;kravskı trus;;;Sbìr floristickıch a faunistickıch nálezù;Nálezová data ochrany pøírody;ISOP Admin;1;;;Garantováno;;;;VU;;;;1572;20140826
103;48653144;Euoniticellus fulvus;;Brouci;Ambroová Lucie;20170513;20170513;;7299491;Pod Benáteckım vrchem - jih, pastvina Exmoorskıch koní a 'praturù', Milovice;5755;Milovice nad Labem;-707523.77;-1031215.4;Èeská krajina o.p.s., Biologické centrum AV ÈR v.v.i. (2017) Obnova stanoviš a zavedení pastvy velkıch spásaèù v EVL Milovice-Mladá a navazujících plochách - I. a II. etapa (Pod Benáteckım vrchem + Traviny).;0;2;0;imaga;;;;;;;0;rozplavení trusu ve vodì, trus konì, 5 replication = èíslo exkrementu (konì, krávy 10 ks/lokalita, ovce a lesozvìø 20 ks/lokalita);;;;Sbìr floristickıch a faunistickıch nálezù;Nálezová data ochrany pøírody;Hejtmánková Jana;0;;;;;;;VU;;;;341;20200305
104;48654229;Euoniticellus fulvus;;Brouci;Ambroová Lucie;20190729;20190729;;7299491;Pod Benáteckım vrchem - jih, pastvina Exmoorskıch koní a 'praturù', Milovice;5755;Milovice nad Labem;-707523.77;-1031215.4;Èeská krajina o.p.s., Biologické centrum AV ÈR v.v.i. (2019) Obnova stanoviš a zavedení pastvy velkıch spásaèù v EVL Milovice-Mladá a navazujících plochách - I. a II. etapa (Pod Benáteckım vrchem + Traviny).;0;1;0;imaga;;;;;;;0;rozplavení trusu ve vodì, trus konì, 9 replication = èíslo exkrementu (konì, krávy 10 ks/lokalita, ovce a lesozvìø 20 ks/lokalita);;;;Sbìr floristickıch a faunistickıch nálezù;Nálezová data ochrany pøírody;Hejtmánková Jana;0;;;;;;;VU;;;;341;20200305
105;48653145;Euoniticellus fulvus;;Brouci;Ambroová Lucie;20170513;20170513;;7299491;Pod Benáteckım vrchem - jih, pastvina Exmoorskıch koní a 'praturù', Milovice;5755;Milovice nad Labem;-707523.77;-1031215.4;Èeská krajina o.p.s., Biologické centrum AV ÈR v.v.i. (2017) Obnova stanoviš a zavedení pastvy velkıch spásaèù v EVL Milovice-Mladá a navazujících plochách - I. a II. etapa (Pod Benáteckım vrchem + Traviny).;0;1;0;imaga;;;;;;;0;rozplavení trusu ve vodì, trus konì, 8 replication = èíslo exkrementu (konì, krávy 10 ks/lokalita, ovce a lesozvìø 20 ks/lokalita);;;;Sbìr floristickıch a faunistickıch nálezù;Nálezová data ochrany pøírody;Hejtmánková Jana;0;;;;;;;VU;;;;341;20200305
106;48654225;Euoniticellus fulvus;;Brouci;Ambroová Lucie;20190729;20190729;;7299491;Pod Benáteckım vrchem - jih, pastvina Exmoorskıch koní a 'praturù', Milovice;5755;Milovice nad Labem;-707523.77;-1031215.4;Èeská krajina o.p.s., Biologické centrum AV ÈR v.v.i. (2019) Obnova stanoviš a zavedení pastvy velkıch spásaèù v EVL Milovice-Mladá a navazujících plochách - I. a II. etapa (Pod Benáteckım vrchem + Traviny).;0;3;0;imaga;;;;;;;0;rozplavení trusu ve vodì, trus skotu, 5 replication = èíslo exkrementu (konì, krávy 10 ks/lokalita, ovce a lesozvìø 20 ks/lokalita);;;;Sbìr floristickıch a faunistickıch nálezù;Nálezová data ochrany pøírody;Hejtmánková Jana;0;;;;;;;VU;;;;341;20200305
107;48654226;Euoniticellus fulvus;;Brouci;Ambroová Lucie;20190729;20190729;;7299491;Pod Benáteckım vrchem - jih, pastvina Exmoorskıch koní a 'praturù', Milovice;5755;Milovice nad Labem;-707523.77;-1031215.4;Èeská krajina o.p.s., Biologické centrum AV ÈR v.v.i. (2019) Obnova stanoviš a zavedení pastvy velkıch spásaèù v EVL Milovice-Mladá a navazujících plochách - I. a II. etapa (Pod Benáteckım vrchem + Traviny).;0;1;0;imaga;;;;;;;0;rozplavení trusu ve vodì, trus skotu, 4 replication = èíslo exkrementu (konì, krávy 10 ks/lokalita, ovce a lesozvìø 20 ks/lokalita);;;;Sbìr floristickıch a faunistickıch nálezù;Nálezová data ochrany pøírody;Hejtmánková Jana;0;;;;;;;VU;;;;341;20200305
108;48653143;Euoniticellus fulvus;;Brouci;Ambroová Lucie;20170513;20170513;;7299491;Pod Benáteckım vrchem - jih, pastvina Exmoorskıch koní a 'praturù', Milovice;5755;Milovice nad Labem;-707523.77;-1031215.4;Èeská krajina o.p.s., Biologické centrum AV ÈR v.v.i. (2017) Obnova stanoviš a zavedení pastvy velkıch spásaèù v EVL Milovice-Mladá a navazujících plochách - I. a II. etapa (Pod Benáteckım vrchem + Traviny).;0;1;0;imaga;;;;;;;0;rozplavení trusu ve vodì, trus konì, 9 replication = èíslo exkrementu (konì, krávy 10 ks/lokalita, ovce a lesozvìø 20 ks/lokalita);;;;Sbìr floristickıch a faunistickıch nálezù;Nálezová data ochrany pøírody;Hejtmánková Jana;0;;;;;;;VU;;;;341;20200305
109;48654224;Euoniticellus fulvus;;Brouci;Ambroová Lucie;20190729;20190729;;7299491;Pod Benáteckım vrchem - jih, pastvina Exmoorskıch koní a 'praturù', Milovice;5755;Milovice nad Labem;-707523.77;-1031215.4;Èeská krajina o.p.s., Biologické centrum AV ÈR v.v.i. (2019) Obnova stanoviš a zavedení pastvy velkıch spásaèù v EVL Milovice-Mladá a navazujících plochách - I. a II. etapa (Pod Benáteckım vrchem + Traviny).;0;1;0;imaga;;;;;;;0;rozplavení trusu ve vodì, trus skotu, 8 replication = èíslo exkrementu (konì, krávy 10 ks/lokalita, ovce a lesozvìø 20 ks/lokalita);;;;Sbìr floristickıch a faunistickıch nálezù;Nálezová data ochrany pøírody;Hejtmánková Jana;0;;;;;;;VU;;;;341;20200305
110;48654095;Euoniticellus fulvus;;Brouci;Ambroová Lucie;20190510;20190510;;7299491;Pod Benáteckım vrchem - jih, pastvina Exmoorskıch koní a 'praturù', Milovice;5755;Milovice nad Labem;-707523.77;-1031215.4;Èeská krajina o.p.s., Biologické centrum AV ÈR v.v.i. (2019) Obnova stanoviš a zavedení pastvy velkıch spásaèù v EVL Milovice-Mladá a navazujících plochách - I. a II. etapa (Pod Benáteckım vrchem + Traviny).;0;1;0;imaga;;;;;;;0;rozplavení trusu ve vodì, trus konì, 6 replication = èíslo exkrementu (konì, krávy 10 ks/lokalita, ovce a lesozvìø 20 ks/lokalita);;;;Sbìr floristickıch a faunistickıch nálezù;Nálezová data ochrany pøírody;Hejtmánková Jana;0;;;;;;;VU;;;;341;20200305
111;48653909;Euoniticellus fulvus;;Brouci;Ambroová Lucie;20180731;20180731;;7299491;Pod Benáteckım vrchem - jih, pastvina Exmoorskıch koní a 'praturù', Milovice;5755;Milovice nad Labem;-707523.77;-1031215.4;Èeská krajina o.p.s., Biologické centrum AV ÈR v.v.i. (2018) Obnova stanoviš a zavedení pastvy velkıch spásaèù v EVL Milovice-Mladá a navazujících plochách - I. a II. etapa (Pod Benáteckım vrchem + Traviny).;0;1;0;imaga;;;;;;;0;rozplavení trusu ve vodì, trus skotu, 7 replication = èíslo exkrementu (konì, krávy 10 ks/lokalita, ovce a lesozvìø 20 ks/lokalita);;;;Sbìr floristickıch a faunistickıch nálezù;Nálezová data ochrany pøírody;Hejtmánková Jana;0;;;;;;;VU;;;;341;20200305
112;48654228;Euoniticellus fulvus;;Brouci;Ambroová Lucie;20190729;20190729;;7299491;Pod Benáteckım vrchem - jih, pastvina Exmoorskıch koní a 'praturù', Milovice;5755;Milovice nad Labem;-707523.77;-1031215.4;Èeská krajina o.p.s., Biologické centrum AV ÈR v.v.i. (2019) Obnova stanoviš a zavedení pastvy velkıch spásaèù v EVL Milovice-Mladá a navazujících plochách - I. a II. etapa (Pod Benáteckım vrchem + Traviny).;0;2;0;imaga;;;;;;;0;rozplavení trusu ve vodì, trus skotu, 2 replication = èíslo exkrementu (konì, krávy 10 ks/lokalita, ovce a lesozvìø 20 ks/lokalita);;;;Sbìr floristickıch a faunistickıch nálezù;Nálezová data ochrany pøírody;Hejtmánková Jana;0;;;;;;;VU;;;;341;20200305
113;48654223;Euoniticellus fulvus;;Brouci;Ambroová Lucie;20190729;20190729;;7299491;Pod Benáteckım vrchem - jih, pastvina Exmoorskıch koní a 'praturù', Milovice;5755;Milovice nad Labem;-707523.77;-1031215.4;Èeská krajina o.p.s., Biologické centrum AV ÈR v.v.i. (2019) Obnova stanoviš a zavedení pastvy velkıch spásaèù v EVL Milovice-Mladá a navazujících plochách - I. a II. etapa (Pod Benáteckım vrchem + Traviny).;0;2;0;imaga;;;;;;;0;rozplavení trusu ve vodì, trus skotu, 9 replication = èíslo exkrementu (konì, krávy 10 ks/lokalita, ovce a lesozvìø 20 ks/lokalita);;;;Sbìr floristickıch a faunistickıch nálezù;Nálezová data ochrany pøírody;Hejtmánková Jana;0;;;;;;;VU;;;;341;20200305
114;48653910;Euoniticellus fulvus;;Brouci;Ambroová Lucie;20180731;20180731;;7299491;Pod Benáteckım vrchem - jih, pastvina Exmoorskıch koní a 'praturù', Milovice;5755;Milovice nad Labem;-707523.77;-1031215.4;Èeská krajina o.p.s., Biologické centrum AV ÈR v.v.i. (2018) Obnova stanoviš a zavedení pastvy velkıch spásaèù v EVL Milovice-Mladá a navazujících plochách - I. a II. etapa (Pod Benáteckım vrchem + Traviny).;0;1;0;imaga;;;;;;;0;rozplavení trusu ve vodì, trus konì, 3 replication = èíslo exkrementu (konì, krávy 10 ks/lokalita, ovce a lesozvìø 20 ks/lokalita);;;;Sbìr floristickıch a faunistickıch nálezù;Nálezová data ochrany pøírody;Hejtmánková Jana;0;;;;;;;VU;;;;341;20200305
115;48654227;Euoniticellus fulvus;;Brouci;Ambroová Lucie;20190729;20190729;;7299491;Pod Benáteckım vrchem - jih, pastvina Exmoorskıch koní a 'praturù', Milovice;5755;Milovice nad Labem;-707523.77;-1031215.4;Èeská krajina o.p.s., Biologické centrum AV ÈR v.v.i. (2019) Obnova stanoviš a zavedení pastvy velkıch spásaèù v EVL Milovice-Mladá a navazujících plochách - I. a II. etapa (Pod Benáteckım vrchem + Traviny).;0;2;0;imaga;;;;;;;0;rozplavení trusu ve vodì, trus skotu, 3 replication = èíslo exkrementu (konì, krávy 10 ks/lokalita, ovce a lesozvìø 20 ks/lokalita);;;;Sbìr floristickıch a faunistickıch nálezù;Nálezová data ochrany pøírody;Hejtmánková Jana;0;;;;;;;VU;;;;341;20200305
116;33656174;Euoniticellus fulvus;;Brouci;Peøinková Pavlína;20090922;20090922;;5473928;Podklášteøí;6761;Podklášteøí;-651922.39;-1150680.22;PEØINKOVÁ P., FISCHER O. A. (2010) Euoniticellus fulvus (Goeze, 1777) (Coleoptera: Scarabaeidae) in south-western Moravia (Czech Republic). Acta Musei Moraviae, Scientiae biologicae (Brno) 95(2). s. 25-28.;0;;0;;;;;;;;0;1 samice, 1 samec;koòskı trus;;;Sbìr floristickıch a faunistickıch nálezù;Nálezová data ochrany pøírody;ISOP Admin;1;;;Garantováno;;;;VU;;;;2014;20140826
117;33656168;Euoniticellus fulvus;;Brouci;Peøinková Pavlína;20100809;20100809;;5473922;Ptáèov;6761;Ptáèov;-647256.78;-1151715.03;PEØINKOVÁ P., FISCHER O. A. (2010) Euoniticellus fulvus (Goeze, 1777) (Coleoptera: Scarabaeidae) in south-western Moravia (Czech Republic). Acta Musei Moraviae, Scientiae biologicae (Brno) 95(2). s. 25-28.;0;;0;;;;;;;;0;1 samice;kravskı trus;;;Sbìr floristickıch a faunistickıch nálezù;Nálezová data ochrany pøírody;ISOP Admin;1;;;Garantováno;;;;VU;;;;1719;20140826
118;33656167;Euoniticellus fulvus;;Brouci;Peøinková Pavlína;20100608;20100608;;5473922;Ptáèov;6761;Ptáèov;-647256.78;-1151715.03;PEØINKOVÁ P., FISCHER O. A. (2010) Euoniticellus fulvus (Goeze, 1777) (Coleoptera: Scarabaeidae) in south-western Moravia (Czech Republic). Acta Musei Moraviae, Scientiae biologicae (Brno) 95(2). s. 25-28.;0;;0;;;;;;;;0;2 samci, 1 samice;kravskı trus;;;Sbìr floristickıch a faunistickıch nálezù;Nálezová data ochrany pøírody;ISOP Admin;1;;;Garantováno;;;;VU;;;;1719;20140826
119;65344178;Euoniticellus fulvus;;Brouci;Havlíèek J.;18800101;18800101;;12685877;Písek - 6750;6750;Písek;-774208.01;-1127606.54;KLETEÈKA, Z., KØIVAN, V. (1999) Vıskyt Caccobius schreberi a Euoniticellus fulvus (Coleoptera, Scarabaeidae, Coprinae) v jiních Èechách. Sborník Jihoèeského muzea v Èeskıch Budìjovicích Pøírodní vìdy. 39. 95.;0;8;0;jedinci;;;;;;;0;bez data;;;;Sbìr floristickıch a faunistickıch nálezù;Nálezová data ochrany pøírody;Gaigr Jonáš;0;;;;;;;VU;;;;994;20251020
120;43364036;Euoniticellus fulvus;;Brouci;Køivan Václav;20170909;20170909;;6312782;Radonín - pastviny;6760;Radonín;-660674.6;-1143928.33;KØIVAN V. (2017) Terénní zápisky - náhodná pozorování.;0;;0;;;;;;;;0;;;;;Mobilní sbìr dat;ND - Databáze BioLog;Køivan Václav;1;;;Garantováno;;;;VU;;;;32;20170911;20170910;2136
121;45488111;Euoniticellus fulvus;;Brouci;Køivan Václav;20180810;20180810;;6644384;Radonín - pastviny;6760;Radonín;-660766.75;-1143952.11;KØIVAN V. (2018) Terénní zápisky - náhodná pozorování.;0;;0;;;;;;;;0;;;;;Mobilní sbìr dat;ND - Databáze BioLog;Køivan Václav;1;;;Garantováno;;;;VU;;;;32;20180814;20180812;2136
122;46624360;Euoniticellus fulvus;;Brouci;Køivan Václav;20190514;20190514;;6922023;Radonín - pastviny;6760;Radonín;-660765.13;-1143651.87;KØIVAN V. (2019) Terénní zápisky - náhodná pozorování.;0;;0;;;;;;;;0;;;;;Mobilní sbìr dat;ND - Databáze BioLog;Køivan Václav;1;;;Garantováno;;;;VU;;;;3;20190517
123;51308008;Euoniticellus fulvus;;Brouci;Køivan Václav;20210731;20210731;;8107390;Radonín - pastviny;6760;Radonín;-660708.01;-1143886.74;KØIVAN V. (2021) Terénní zápisky - náhodná pozorování.;0;;0;;;;;;;;0;;;;;Mobilní sbìr dat;ND - Databáze BioLog;Køivan Václav;0;vìrohodnı záznam;;Návrh validace;;;;VU;;;;16;20210816
124;48858071;Euoniticellus fulvus;;Brouci;Køivan Václav;20200520;20200520;;7408365;Radonín - pastviny;6760;Radonín;-660787.84;-1143923.32;KØIVAN V. (2020) Terénní zápisky - náhodná pozorování.;0;;0;;;;;;;;0;;;;;Mobilní sbìr dat;ND - Databáze BioLog;Køivan Václav;0;vìrohodnı záznam;;Návrh validace;;;;VU;;;;32;20200526
125;48833800;Euoniticellus fulvus;;Brouci;Køivan Václav;20200511;20200511;;7394580;Radonín - pastviny;6760;Radonín;-660690.01;-1143613.52;KØIVAN V. (2020) Terénní zápisky - náhodná pozorování.;0;;0;;;;;;;;0;;;;;Mobilní sbìr dat;ND - Databáze BioLog;Køivan Václav;0;vìrohodnı záznam;;Návrh validace;;;;VU;;;;32;20200512;20200511;2136
126;33678385;Euoniticellus fulvus;;Brouci;Lošák Miloš;20060503;20060503;;5477277;Rúdník nr. Ratíškovice;7069;Vacenovice u Kyjova;-558595.94;-1195190.15;JUØENA D., TİR V., BEZDÌK A. (2008) Pøíspìvek k faunistickému vızkumu listorohıch broukù (Coleoptera: Scarabaeoidea) na území Èeské republiky a Slovenska. Klapalekiana. 44, Supplementum. 17-176.;0;1;0;jedinci;;;;;;;0;;Ovis;;;Sbìr floristickıch a faunistickıch nálezù;Nálezová data ochrany pøírody;Škapec Ludvík;1;;;Garantováno;;;;VU;;;194;250;20140917
127;52923243;Euoniticellus fulvus;;Brouci;Lucie Ambroová, Lukáš Èíek, Simon Thorn, Samaneh Sakaki, David Hauck;20210801;20210801;12:24;8578003;Sedlec;7266;Sedlec u Mikulova;-596541.63;-1207823.8;AMBROOVÁ L. (2022) Terénní zápisky - náhodná pozorování.;0;2;0;jedinci;;;;;;;0;;;;;Mobilní sbìr dat;ND - Databáze BioLog;Ambroová Lucie;1;;;Garantováno;;;;VU;;;;10;20220705
128;59514857;Euoniticellus fulvus;;Brouci;Dedek Pavel;20240802;20240802;;10105773;Sedlec;7266;Sedlec u Mikulova;-596218.99;-1207848.32;DEDEK P. (2024) Terénní zápisky - náhodná pozorování.;0;3;0;jedinci;;;;;;;0;;;;;Mobilní sbìr dat;ND - Databáze BioLog;Dedek Pavel;0;vìrohodnı záznam;;Návrh validace;;;;VU;;;;11;20240805;20240804;1671
129;33778774;Euoniticellus fulvus;;Brouci;Farkaè Jan;20140501;20141031;;5495221;Sedlec u Mikulova;7266;Sedlec u Mikulova;-598354;-1207797;FARKAÈ J. (2014) Studie stepních enkláv ve volné krajinì jako refugií vıskytu ZCH druhù hmyzu.;0;;0;;;;;;;;0;;;;;Sbìr floristickıch a faunistickıch nálezù;Nálezová data ochrany pøírody;Hejda Radek;1;;;Garantováno;;;;VU;;;;186;20141124
130;33678153;Euoniticellus fulvus;;Brouci;Schles Radovan;20080728;20080728;;5394270;Sobìšice;6765;Sobìšice;-596151;-1153776;JUØENA D., TİR V., BEZDÌK A. (2008) Pøíspìvek k faunistickému vızkumu listorohıch broukù (Coleoptera: Scarabaeoidea) na území Èeské republiky a Slovenska. Klapalekiana. 44, Supplementum. 17-176.;0;168;0;jedinci;;;;;;;0;;Equus;;;Sbìr floristickıch a faunistickıch nálezù;Nálezová data ochrany pøírody;Škapec Ludvík;1;;;Garantováno;;;;VU;;;;3000;20140916
131;33678152;Euoniticellus fulvus;;Brouci;Schles Radovan;20050831;20050831;;5394270;Sobìšice;6765;Sobìšice;-596151;-1153776;JUØENA D., TİR V., BEZDÌK A. (2008) Pøíspìvek k faunistickému vızkumu listorohıch broukù (Coleoptera: Scarabaeoidea) na území Èeské republiky a Slovenska. Klapalekiana. 44, Supplementum. 17-176.;0;123;0;jedinci;;;;;;;0;;Equus;;;Sbìr floristickıch a faunistickıch nálezù;Nálezová data ochrany pøírody;Škapec Ludvík;1;;;Garantováno;;;;VU;;;;3000;20140916
132;55952151;Euoniticellus fulvus;;Brouci;Trnka Filip;20220621;20220621;;9236072;Staré vinice;7161;Havraníky;-647921.37;-1198766.39;TRNKA F. (2022) Entomologickı prùzkum broukù (Coleoptera) vybranıch lokalit NP Podyjí.;0;1;0;jedinci;;;;;;;0;ruèní sbìr;;;;Sbìr floristickıch a faunistickıch nálezù;Importy nálezù broukù;Raèanskı Zdenìk;0;;;;;;;VU;;;;1;20230503
133;52689830;Euoniticellus fulvus;;Brouci;Ambroová Lucie;20210603;20210603;;8349316;Stoec;7148;Stoec;-804968.91;-1172497.78;AMBROOVÁ L. (2022) Monitoring koprofágních broukù na vybranıch lokalitách NP Šumava v sezónì 2021.;0;1;0;imaga;;;;;;;0;;;;;Sbìr floristickıch a faunistickıch nálezù;Importy nálezù broukù;Ambroová Lucie;0;;;;;;;VU;;;;1;20220426
134;48652438;Euoniticellus fulvus;;Brouci;Ambroová Lucie;20190729;20190729;;7299487;Traviny - západ, pastvina Exmoorskıch koní a zubrù, Benátky n. Jizerou;5755;Kbel;-707875.72;-1025907.02;Èeská krajina o.p.s., Biologické centrum AV ÈR v.v.i. (2019) Obnova stanoviš a zavedení pastvy velkıch spásaèù v EVL Milovice-Mladá a navazujících plochách - I. a II. etapa (Pod Benáteckım vrchem + Traviny).;0;2;0;imaga;;;;;;;0;rozplavení trusu ve vodì, trus konì, 11 replication = èíslo exkrementu (konì, krávy 10 ks/lokalita, ovce a lesozvìø 20 ks/lokalita);;;;Sbìr floristickıch a faunistickıch nálezù;Nálezová data ochrany pøírody;Hejtmánková Jana;0;;;;;;;VU;;;;777;20200305
135;48652439;Euoniticellus fulvus;;Brouci;Ambroová Lucie;20190729;20190729;;7299487;Traviny - západ, pastvina Exmoorskıch koní a zubrù, Benátky n. Jizerou;5755;Kbel;-707875.72;-1025907.02;Èeská krajina o.p.s., Biologické centrum AV ÈR v.v.i. (2019) Obnova stanoviš a zavedení pastvy velkıch spásaèù v EVL Milovice-Mladá a navazujících plochách - I. a II. etapa (Pod Benáteckım vrchem + Traviny).;0;1;0;imaga;;;;;;;0;rozplavení trusu ve vodì, trus konì, 7 replication = èíslo exkrementu (konì, krávy 10 ks/lokalita, ovce a lesozvìø 20 ks/lokalita);;;;Sbìr floristickıch a faunistickıch nálezù;Nálezová data ochrany pøírody;Hejtmánková Jana;0;;;;;;;VU;;;;777;20200305
136;48652525;Euoniticellus fulvus;;Brouci;Ambroová Lucie;20191005;20191005;;7299487;Traviny - západ, pastvina Exmoorskıch koní a zubrù, Benátky n. Jizerou;5755;Kbel;-707875.72;-1025907.02;Èeská krajina o.p.s., Biologické centrum AV ÈR v.v.i. (2019) Obnova stanoviš a zavedení pastvy velkıch spásaèù v EVL Milovice-Mladá a navazujících plochách - I. a II. etapa (Pod Benáteckım vrchem + Traviny).;0;2;0;imaga;;;;;;;0;rozplavení trusu ve vodì, trus konì, 9 replication = èíslo exkrementu (konì, krávy 10 ks/lokalita, ovce a lesozvìø 20 ks/lokalita);;;;Sbìr floristickıch a faunistickıch nálezù;Nálezová data ochrany pøírody;Hejtmánková Jana;0;;;;;;;VU;;;;777;20200305
137;48652524;Euoniticellus fulvus;;Brouci;Ambroová Lucie;20191005;20191005;;7299487;Traviny - západ, pastvina Exmoorskıch koní a zubrù, Benátky n. Jizerou;5755;Kbel;-707875.72;-1025907.02;Èeská krajina o.p.s., Biologické centrum AV ÈR v.v.i. (2019) Obnova stanoviš a zavedení pastvy velkıch spásaèù v EVL Milovice-Mladá a navazujících plochách - I. a II. etapa (Pod Benáteckım vrchem + Traviny).;0;1;0;imaga;;;;;;;0;rozplavení trusu ve vodì, trus konì, 10 replication = èíslo exkrementu (konì, krávy 10 ks/lokalita, ovce a lesozvìø 20 ks/lokalita);;;;Sbìr floristickıch a faunistickıch nálezù;Nálezová data ochrany pøírody;Hejtmánková Jana;0;;;;;;;VU;;;;777;20200305
138;48652196;Euoniticellus fulvus;;Brouci;Ambroová Lucie;20180731;20180731;;7299487;Traviny - západ, pastvina Exmoorskıch koní a zubrù, Benátky n. Jizerou;5755;Kbel;-707875.72;-1025907.02;Èeská krajina o.p.s., Biologické centrum AV ÈR v.v.i. (2018) Obnova stanoviš a zavedení pastvy velkıch spásaèù v EVL Milovice-Mladá a navazujících plochách - I. a II. etapa (Pod Benáteckım vrchem + Traviny).;0;1;0;imaga;;;;;;;0;rozplavení trusu ve vodì, trus zubra evropského, 2 replication = èíslo exkrementu (konì, krávy 10 ks/lokalita, ovce a lesozvìø 20 ks/lokalita);;;;Sbìr floristickıch a faunistickıch nálezù;Nálezová data ochrany pøírody;Hejtmánková Jana;0;;;;;;;VU;;;;777;20200305
139;33656157;Euoniticellus fulvus;;Brouci;Køivan Václav;20091007;20091007;;5473912;Tøebanice;6950;Tøebanice;-779986.97;-1158197.07;PEØINKOVÁ P., FISCHER O. A. (2010) Euoniticellus fulvus (Goeze, 1777) (Coleoptera: Scarabaeidae) in south-western Moravia (Czech Republic). Acta Musei Moraviae, Scientiae biologicae (Brno) 95(2). s. 25-28.;0;;0;;;;;;;;0;1 samice;koòskı trus;;;Sbìr floristickıch a faunistickıch nálezù;Nálezová data ochrany pøírody;ISOP Admin;1;;;Garantováno;;;;VU;;;;1372;20140826
140;49727943;Euoniticellus fulvus;;Brouci;Hauck David;20190603;20190603;;7517623;Vacenovice, 7069a;7069;Vacenovice u Kyjova;-558858.12;-1191140.89;HAUCK D. (2019) Mapování broukù, pavoukù a štírka v mapovacím ètverci 7069a.;0;1;0;jedinci;;;;;;;0;;;;;OP MapInv: Monitoring a mapování vybranıch druhù;Data z projektu: Monitoring a mapování vybranıch druhù;Raèanskı Zdenìk;0;;;;;;;VU;;;;1;20200710
141;33678144;Euoniticellus fulvus;;Brouci;Anonymus;19040607;19040607;;5477155;Vaòov;5350;Vaòov;-760279.76;-980203.47;JUØENA D., TİR V., BEZDÌK A. (2008) Pøíspìvek k faunistickému vızkumu listorohıch broukù (Coleoptera: Scarabaeoidea) na území Èeské republiky a Slovenska. Klapalekiana. 44, Supplementum. 17-176.;0;1;0;jedinci;;;;;;;0;;;;;Sbìr floristickıch a faunistickıch nálezù;Nálezová data ochrany pøírody;Škapec Ludvík;1;;;Garantováno;;;;VU;;;;1328;20140916
142;65370853;Euoniticellus fulvus;;Brouci;Ambroová Lucie, Zítek Tadeáš, Král David, Sommer David, Sládeèek František, Kozel Petr, Drag Lukáš, Helclová Michaela, Hrùzová Lucie;20190725;20190725;;12697054;Xaverov, pastviny jezdecké školy;5953;Horní Poèernice;-728264.95;-1043669.77;SOMMER D., AMBROOVÁ L., HRÙZOVÁ L., SLÁDEÈEK F. X. J., KRÁL D. (2022) Koprofágní brouci èeledí Geotrupidae a Scarabaeidae (Coleoptera) vybranıch pasenıch lokalit na území hlavního mìsta Prahy s historickım pøehledem. Gazella 49. Zoo Praha. 94-125.;0;;0;jedinci;;;;;;;0;;;;;Sbìr floristickıch a faunistickıch nálezù;Nálezová data ochrany pøírody;Gaigr Jonáš;0;;;;;;;VU;;;;0;20251028
143;65368821;Euoniticellus fulvus;;Brouci;Koštíø Vojtìch;20220504;20220901;;12696085;Zadní Kopanina (pastvina, step);6051;Zadní Kopanina;-751423.22;-1051660.92;Koštíø Vojtìch (2024) Ekologická diferenciace koprofágních broukù (Coleoptera) podél gradientu prostøedí.;0;2;0;jedinci;;;;;;;0;;;;;Sbìr floristickıch a faunistickıch nálezù;Nálezová data ochrany pøírody;Gaigr Jonáš;0;vìrohodnı záznam;;Návrh validace;;;;VU;;;;0;20251027
144;33678146;Euoniticellus fulvus;;Brouci;Anonymus;19270515;19270515;;5390393;Znojmo-mìsto;7162;Znojmo-mìsto;-642113;-1193915;JUØENA D., TİR V., BEZDÌK A. (2008) Pøíspìvek k faunistickému vızkumu listorohıch broukù (Coleoptera: Scarabaeoidea) na území Èeské republiky a Slovenska. Klapalekiana. 44, Supplementum. 17-176.;0;1;0;samice;;;;;;;0;;;;;Sbìr floristickıch a faunistickıch nálezù;Nálezová data ochrany pøírody;Škapec Ludvík;1;;;Garantováno;;;;VU;;;;3000;20140916
145;33656154;Euoniticellus fulvus;;Brouci;Fischer O.A.;20090802;20090802;;5473910;Zòátky;6862;Zòátky;-631760.08;-1157993.21;PEØINKOVÁ P., FISCHER O. A. (2010) Euoniticellus fulvus (Goeze, 1777) (Coleoptera: Scarabaeidae) in south-western Moravia (Czech Republic). Acta Musei Moraviae, Scientiae biologicae (Brno) 95(2). s. 25-28.;0;;0;;;;;;;;0;1 samec;kravskı trus;;;Sbìr floristickıch a faunistickıch nálezù;Nálezová data ochrany pøírody;ISOP Admin;1;;;Garantováno;;;;VU;;;;1399;20140826
146;33656155;Euoniticellus fulvus;;Brouci;Peøinková Pavlína;20090819;20090819;;5473910;Zòátky;6862;Zòátky;-631760.08;-1157993.21;PEØINKOVÁ P., FISCHER O. A. (2010) Euoniticellus fulvus (Goeze, 1777) (Coleoptera: Scarabaeidae) in south-western Moravia (Czech Republic). Acta Musei Moraviae, Scientiae biologicae (Brno) 95(2). s. 25-28.;0;;0;;;;;;;;0;2 samice;kravskı trus;;;Sbìr floristickıch a faunistickıch nálezù;Nálezová data ochrany pøírody;ISOP Admin;1;;;Garantováno;;;;VU;;;;1399;20140826
147;34826163;Euoniticellus fulvus;;Brouci;Dedek Pavel;20150506;20150506;;5681861;cvièištì B;7166;Mikulov na Moravì;-598125.81;-1202955.43;DEDEK P. (2015) Terénní zápisky - náhodná pozorování.;0;;0;;;;;;;;0;;;;;Mobilní sbìr dat;ND - Databáze BioLog;Dedek Pavel;1;;;Garantováno;;;;VU;;;;25;20150507
148;12096453;Euoniticellus fulvus;;Brouci;Ryšánek Jaroslav, Sıkora Karel, Turèín Miloslav, Øebíèek Vladislav;20090705;20090705;;1273698;obora Bulhary;7166;Mikulov na Moravì;-595465;-1202868;SİKORA K., RYŠÁNEK J., TURÈÍN M., ØEBÍÈEK V. (2009) Faunistickı prùzkum listorohıch broukù (Coleoptera, Scarabaeoidea, Scarabidae) CHKO Pálava - rok 2009.;0;;0;;;;;;;;0;;;;;Sbìr floristickıch a faunistickıch nálezù;Nálezová data ochrany pøírody;Dedek Pavel;1;;;Garantováno;;;;VU;;_;307;2723;20100421
149;13647999;Euoniticellus fulvus;;Brouci;Dedek Pavel;20100606;20100606;;1273698;obora Bulhary;7166;Mikulov na Moravì;-595465;-1202868;DEDEK P. (2010) Terénní šetøení 2010.;0;1;0;jedinci;;;;;;;0;;;;;Sbìr floristickıch a faunistickıch nálezù;Nálezová data ochrany pøírody;Dedek Pavel;1;;;Garantováno;;;;VU;;_;307;2723;20110308
150;32871485;Euoniticellus fulvus;;Brouci;Stanìk Tomáš;20130705;20130716;;1273698;obora Bulhary;7166;Mikulov na Moravì;-595465;-1202868;STANÌK T., ŠKODA R., PELIKÁN J. (2013) Zpráva z entomologického prùzkumu CHKO Pálava a okolí.;0;;0;;;;;;;;0;;;;;Sbìr floristickıch a faunistickıch nálezù;Nálezová data ochrany pøírody;Dedek Pavel;1;;;Garantováno;;;;VU;;_;307;2723;20140404
151;32853308;Euoniticellus fulvus;;Brouci;Szopa Richard, Tomèík Jiøí;20130720;20130731;;1273698;obora Bulhary;7166;Mikulov na Moravì;-595465;-1202868;SZOPA R., TOMÈÍK J. (2013) Zpráva z prùzkumu broukù (Coleoptera) v CHKO Pálava v roce 2013.;0;3;0;jedinci;;;;;;;0;;;;;Sbìr floristickıch a faunistickıch nálezù;Nálezová data ochrany pøírody;Dedek Pavel;1;;;Garantováno;;;;VU;;_;307;2723;20140314
152;34936663;Euoniticellus fulvus;;Brouci;Dedek Pavel;20150609;20150609;;5690484;obora Bulhary - Jelení louka;7166;Mikulov na Moravì;-596438.14;-1203623.8;DEDEK P. (2015) Terénní zápisky - náhodná pozorování.;0;;0;;;;;;;;0;;;;;Mobilní sbìr dat;ND - Databáze BioLog;Dedek Pavel;1;;;Garantováno;;;;VU;;;;25;20150610
153;49726816;Euoniticellus fulvus;;Brouci;Pavel Dedek, Vladan Riedl, David Horal;20200709;20200709;;7517438;obora Bulhary, Jelení louka;7166;Mikulov na Moravì;-596296.58;-1203370.54;DEDEK P. (2020) Terénní zápisky - náhodná pozorování.;0;1;0;jedinci;;;;;;;0;;;;;Mobilní sbìr dat;ND - Databáze BioLog;Dedek Pavel;0;vìrohodnı záznam;;Návrh validace;;;;VU;;;;16;20200710;20200715;1671
154;23384883;Euoniticellus fulvus;;Brouci;Jeniš Ivo;20020315;20021023;;4984561;obory Palava;7166;Mikulov na Moravì;-595033;-1202770;JENIŠ I. (2003) Brouci Bulharské a Klentnické obory.;0;4;0;jedinci;;;;;;;0;Obora Bulhary;;;;Sbìr floristickıch a faunistickıch nálezù;Nálezová data ochrany pøírody;Dedek Pavel;1;;;Garantováno;;;;VU;;_;261;3562;20120611
155;56150996;Euoniticellus fulvus;;Brouci;Tomèík Jiøí;20230804;20230804;;9382238;Únìtice u Prahy;5852;Únìtice u Prahy;-746215.46;-1035890.6;TOMÈÍK J. (2017) Vlastní nálezy.;0;;0;jedinci;;;;;;;0;;;;;Sbìr floristickıch a faunistickıch nálezù;Nálezová data ochrany pøírody;Tomèík Jiøí;1;;;Garantováno;;;;VU;;;275;141;20230804
156;64239843;Euoniticellus fulvus;;Brouci;Chobot Karel;20250531;20250531;;12022830;Únìtice, pastvina pod Koulí;5852;Únìtice u Prahy;-746362.72;-1036158.68;CHOBOT K. (2025) Terénní zápisky - náhodná pozorování.;0;;0;;;;;;;;0;;;;;Mobilní sbìr dat;ND - Databáze BioLog;Chobot Karel;0;vìrohodnı záznam;;Návrh validace;;;;VU;;;;32;20250603
157;33678151;Euoniticellus fulvus;;Brouci;Škorpík Martin;20070512;20070512;;5392794;Èejkovice u Znojma;7163;Èejkovice u Znojma;-625553;-1193203;JUØENA D., TİR V., BEZDÌK A. (2008) Pøíspìvek k faunistickému vızkumu listorohıch broukù (Coleoptera: Scarabaeoidea) na území Èeské republiky a Slovenska. Klapalekiana. 44, Supplementum. 17-176.;0;1;0;jedinci;;;;;;;0;;;;;Sbìr floristickıch a faunistickıch nálezù;Nálezová data ochrany pøírody;Škapec Ludvík;1;;;Garantováno;;;;VU;;;;3000;20140916
158;33678145;Euoniticellus fulvus;;Brouci;Kraus Zdenìk;20080801;20080801;;5359446;Èernín;7062;Èernín;-643030;-1178943;JUØENA D., TİR V., BEZDÌK A. (2008) Pøíspìvek k faunistickému vızkumu listorohıch broukù (Coleoptera: Scarabaeoidea) na území Èeské republiky a Slovenska. Klapalekiana. 44, Supplementum. 17-176.;0;1;0;jedinci;;;;;;;0;;Bos;;;Sbìr floristickıch a faunistickıch nálezù;Nálezová data ochrany pøírody;Škapec Ludvík;1;;;Garantováno;;;;VU;;;;2318;20140916
159;61764482;Euoniticellus fulvus;;Brouci;Kavka Michal;20190609;20190609;;10807469;Èestín;6156;Èestín;-699283.91;-1080615.25;Michal Kavka (2024) Vlastní nálezy.;0;2;0;jedinci;;;;;;;0;;;;;Sbìr floristickıch a faunistickıch nálezù;Importy nálezù hmyzu;Hejda Radek;0;vìrohodnı záznam;;Návrh validace;;;;VU;;;;1;20250221
160;47755015;Euoniticellus fulvus;;Brouci;Kavka M.;20180714;20180714;;7081848;Èestín;6156;Èestín;-699308.7;-1080656.66;POKORNİ J. (2019) Terenní pozorování.;0;1;0;jedinci;;;;;;;0;;;;;Sbìr floristickıch a faunistickıch nálezù;Nálezová data ochrany pøírody;Bárdyová Mária;0;;;;;;;VU;;;;1;20191113
161;33657995;Euoniticellus fulvus;;Brouci;Peøinková Pavlína;20091005;20091005;;5473972;Èíchov-Hynkov1;6760;Brtnickı Èíchov;-658464.89;-1145353.41;PEØINKOVÁ P., FISCHER O. A. (2010) Euoniticellus fulvus (Goeze, 1777) (Coleoptera: Scarabaeidae) in south-western Moravia (Czech Republic). Acta Musei Moraviae, Scientiae biologicae (Brno) 95(2). s. 25-28.;0;;0;;;;;;;;0;1 samec;kravskı trus;;;Sbìr floristickıch a faunistickıch nálezù;Nálezová data ochrany pøírody;ISOP Admin;1;;;Garantováno;;;;VU;;;;1;20140826
